MacroPlot Name,Date,Index,Transect,Slope,LogNum,Dia,DecayCl,CWDFuConSt,Comment,UV1,UV2,UV3,NumTran,TranLen,FieldTeam,EntryTeam,UV1Desc,UV2Desc,UV3Desc,SaComment,Visited,
A391-90-54,7/27/2011 1:51:02 PM,,,,,,,,,,,,1,98,,,,,,,True,
DENA-HQ-TX-08,6/24/2021 2:26:42 PM,,,,,,,,,,,,1,52.5,J Barnes; K Gates; J O'Connor,J O'Connor,Decay Status: Sound or Rotten,Species Code,Damage Codes,,True,
DENA-HQ-TX-08,6/22/2023 12:09:39 PM,,,,,,,,,,,,1,52.5,,S. Stehn,Decay Status: Sound or Rotten,Species Code,Damage Codes,,True,
DENA-A274-G1,8/17/2016 8:46:09 AM,,,,,,,,,,,,1,98,Rachel Loehman,J. Hrobak,Decay Status: Sound or Rotten,Species Code,Damage Codes,,True,
DENA-TLS-32,6/28/2022 2:51:48 PM,,,,,,,,,,,,1,52.5,M. Behrens T. schaub R. Brand,M. behrens,Decay Status: Sound or Rotten,Species Code,Damage Codes,,True,
DENA-HZF-Z3-22,6/13/2003 5:50:37 PM,,,,,,,,,,,,1,50,,,,,,,True,
DENA-HZF-Z3-22,6/14/2005 3:33:24 PM,,,,,,,,,,,,1,50,,,,,,,True,
DENA-HZF-Z3-22,7/22/2009 4:51:28 PM,,,,,,,,,,,,1,52.5,J Mitchell; R Wilson; M Llanes; C Campanelli,J OConnor,Decay Status: Sound or Rotten,Species Code,Damage Codes,,True,
DENA-HZF-Z3-22,8/12/2021 5:29:08 PM,,,,,,,,,,,,1,52.5,J OConnor,J OConnor,Decay Status: Sound or Rotten,Species Code,Damage Codes,,True,
DENA-TLS-18,7/13/2022 5:08:33 PM,,,,,,,,,,,,1,52.5,T. Schaub; N. Tilges,M. Behrens,Decay Status: Sound or Rotten,Species Code,Damage Codes,,True,
DENA-TLS-18,7/13/2022 5:08:33 PM,-2147483648,1,1,1,3.2,5,Default,,Rotten,BEPA,,,,,,,,,,,
DENA-TLS-18,7/13/2022 5:08:33 PM,-2147483647,1,1,2,3.3,5,Default,,Rotten,BEPA,,,,,,,,,,,
DENA-A274-G3,8/16/2016 3:44:30 PM,,,,,,,,,,,,1,98,Rachel Loehman,J. Hrobak,Decay Status: Sound or Rotten,Species Code,Damage Codes,,True,
A185-86-137,7/26/2011 1:50:00 PM,,,,,,,,,,,,1,98,,,,,,,True,
DENA-A274-H4,7/20/2016 10:50:59 AM,,,,,,,,,,,,1,98,Winter West,J. Hrobak,Decay Status: Sound or Rotten,Species Code,Damage Codes,,True,
DENA-A274-H4,7/20/2016 10:50:59 AM,-2147483648,1,1,1,3,5,Default,,Rotten,,,,,,,,,,,,
DENA-HQ-TX-11,6/22/2021 2:47:15 PM,,,,,,,,,,,,1,52.5,J Barnes; K Gates; J O'Connor,J O'Connor,Decay Status: Sound or Rotten,Species Code,Damage Codes,,True,
DENA-HQ-TX-11,6/22/2021 2:47:15 PM,-2147483648,1,4,1,14.9,1,Default,,Solid,POTR5,,,,,,,,,,,
DENA-HQ-TX-11,6/20/2023 12:24:31 PM,,,,,,,,,,,,1,52.5,,S. Stehn,Decay Status: Sound or Rotten,Species Code,Damage Codes,,True,
DENA-HQ-TX-03,6/23/2021 7:05:58 PM,,,,,,,,,,,,1,52.5,J Barnes; K Gates; J O'Connor,J O'Connor,Decay Status: Sound or Rotten,Species Code,Damage Codes,,True,
DENA-HQ-TX-03,6/28/2023 11:32:14 AM,,,,,,,,,,,,1,52.5,,S. Stehn,Decay Status: Sound or Rotten,Species Code,Damage Codes,,True,
DENA-HZF-C-06RL,7/24/2009 5:39:22 PM,,,,,,,,,,,,1,52.5,J Mitchell; C Campanelli; H Bradshaw; B McCreary,J OConnor,Decay Status: Sound or Rotten,Species Code,Damage Codes,,True,
DENA-HZF-C-06RL,7/15/2021 12:39:58 PM,,,,,,,,,,,,1,52.5,J. O'Connor,J. Hrobak,Decay Status: Sound or Rotten,Species Code,Damage Codes,,True,
DENA-HZF-C-03,7/24/2009 1:38:58 AM,,,,,,,,,,,,1,52.5,J Mitchell; M Llanes; C Campanelli; B McCreary; H Bradshaw,J OConnor,Decay Status: Sound or Rotten,Species Code,Damage Codes,,True,
DENA-HZF-C-03,7/15/2021 7:16:05 PM,,,,,,,,,,,,1,52.5,J. Barnes,J. Hrobak,Decay Status: Sound or Rotten,Species Code,Damage Codes,,True,
DENA-HQ-TX-13,6/22/2021 2:59:14 PM,,,,,,,,,,,,1,52.5,J Hrobak; M Neuser,J O'Connor,Decay Status: Sound or Rotten,Species Code,Damage Codes,,True,
DENA-HQ-TX-13,6/21/2023 12:55:47 PM,,,,,,,,,,,,1,52.5,,S. Stehn,Decay Status: Sound or Rotten,Species Code,Damage Codes,,True,
DENA-A274-F8,7/22/2016 2:19:59 PM,,,,,,,,,,,,1,98,Winter West; Esther Babcock; Rachel Loehman,J. Hrobak,Decay Status: Sound or Rotten,Species Code,Damage Codes,,True,
DENA-TLS-21,8/3/2022 1:40:03 PM,,,,,,,,,,,,1,52.5,T. Schaub; M. Behrens,T. Schaub,Decay Status: Sound or Rotten,Species Code,Damage Codes,,True,
DENA-HZF-Z2-14,6/13/2003 9:12:53 AM,,,,,,,,,,,,1,50,,,,,,,True,
DENA-HZF-Z2-14,6/14/2005 4:32:56 PM,,,,,,,,,,,,1,50,,,,,,,True,
DENA-HZF-Z2-14,6/14/2005 4:32:56 PM,-2147483648,1,5,1,3.5,1,Default,,solid,,,,,,,,,,,,
DENA-HZF-Z2-14,7/24/2009 2:19:15 PM,,,,,,,,,,,,1,52.5,J Mitchell; C Campanelli; B McCreary; H Bradshaw; M Llanes,J OConnor,Decay Status: Sound or Rotten,Species Code,Damage Codes,,True,
DENA-HZF-Z2-14,9/2/2021 7:23:19 PM,,,,,,,,,,,,1,52.5,J Barnes; V Belser,J OConnor,Decay Status: Sound or Rotten,Species Code,Damage Codes,,True,
DENA-TLS-27,6/21/2022 12:21:02 PM,,,,,,,,,,,,1,52.5,J. Barnes,T. Schaub,Decay Status: Sound or Rotten,Species Code,Damage Codes,,True,
DENA-HQ-TX-15,6/22/2021 4:59:47 PM,,,,,,,,,,,,1,52.5,J Hrobak; M Neuser,J OConnor,Decay Status: Sound or Rotten,Species Code,Damage Codes,,True,
DENA-HQ-TX-15,6/22/2021 4:59:47 PM,-2147483648,1,-12,1,3,1,Default,Diameter wasn't recored; it was at least 3,Solid,POTR5,,,,,,,,,,,
DENA-HQ-TX-15,6/22/2021 4:59:47 PM,-2147483647,1,-12,2,3,5,Default,Diameter wasn't recored; it was at least 3,Rotten,PIGL,,,,,,,,,,,
DENA-HQ-TX-15,6/22/2021 4:59:47 PM,-2147483646,1,-12,3,3,5,Default,Diameter wasn't recored; it was at least 3,Rotten,PIGL,,,,,,,,,,,
DENA-HQ-TX-15,6/28/2023 2:34:59 PM,,,,,,,,,,,,1,52.5,,S. Stehn,Decay Status: Sound or Rotten,Species Code,Damage Codes,,True,
DENA-HZF-Z3-26,7/6/2003 5:58:01 PM,,,,,,,,,,,,1,50,,,,,,,True,
DENA-HZF-Z3-26,6/14/2005 3:47:36 PM,,,,,,,,,,,,1,50,,,,,,,True,
DENA-HZF-Z3-26,7/22/2009 5:03:17 PM,,,,,,,,,,,,1,52.5,R Wilson; M Llanes,J OConnor,Decay Status: Sound or Rotten,Species Code,Damage Codes,,True,
DENA-HZF-Z3-26,8/13/2021 6:35:20 PM,,,,,,,,,,,,1,52.5,M Neuser; R Nessle; W Gautsch,J OConnor,Decay Status: Sound or Rotten,Species Code,Damage Codes,,True,
DENA-TLS-38,7/11/2022 12:13:21 PM,,,,,,,,,,,,1,52.5,M Behrens; T Schaub,M Behrens,Decay Status: Sound or Rotten,Species Code,Damage Codes,,True,
DENA-TLS-26,6/22/2022 1:52:29 PM,,,,,,,,,,,,1,52.5,J Barnes,T. Schaub,Decay Status: Sound or Rotten,Species Code,Damage Codes,,True,
DENA-TLS-22,6/24/2022 3:39:43 PM,,,,,,,,,,,,1,52.5,J. Barnes; T. Schaub; M. Behrens,T. Schaub,Decay Status: Sound or Rotten,Species Code,Damage Codes,,True,
DENA-A274-G4,8/16/2016 9:56:09 AM,,,,,,,,,,,,1,98,Rachel Loehman,J. Hrobak,Decay Status: Sound or Rotten,Species Code,Damage Codes,,True,
DENA-A274-H6,8/17/2016 1:53:56 PM,,,,,,,,,,,,1,98,Rachel Loehman,J. Hrobak,Decay Status: Sound or Rotten,Species Code,Damage Codes,,True,
DENA-A274-H6,8/17/2016 1:53:56 PM,-2147483648,1,2,1,3,1,Default,Did not measure diameter.,Sound,,FIRE,,,,,,,,,,
DENA-A274-H6,8/17/2016 1:53:56 PM,-2147483647,1,2,2,3,1,Default,Did not measure diameter.,Sound,,FIRE,,,,,,,,,,
DENA-A274-H6,8/17/2016 1:53:56 PM,-2147483646,1,2,3,3,1,Default,Did not measure diameter.,Sound,,FIRE,,,,,,,,,,
DENA-A274-G2,8/16/2016 1:58:54 PM,,,,,,,,,,,,1,98,Rachel Loehman,J. Hrobak,Decay Status: Sound or Rotten,Species Code,Damage Codes,,True,
DENA-HQ-TX-07,6/23/2021 2:20:41 PM,,,,,,,,,,,,1,52.5,J Hrobak; M Neuser,J O'Connor,Decay Status: Sound or Rotten,Species Code,Damage Codes,,True,
DENA-HQ-TX-07,6/26/2023 12:07:04 PM,,,,,,,,,,,,1,52.5,,S. Stehn,Decay Status: Sound or Rotten,Species Code,Damage Codes,,True,
DENA-HZF-C-04RL,7/23/2009 1:43:12 AM,,,,,,,,,,,,1,52.5,J Mitchell; R Wilson; M Llanes; C Campanelli; H Bradshaw,J OConnor,Decay Status: Sound or Rotten,Species Code,Damage Codes,,True,
DENA-HZF-C-04RL,7/23/2009 1:43:12 AM,-2147483648,1,10,1,3,1,Default,Diameter wasn't listed on sheet entered 3 to have a number,Sound,,,,,,,,,,,,
DENA-HZF-C-04RL,7/23/2009 1:43:12 AM,-2147483647,1,10,2,3,1,Default,Diameter wasn't listed on sheet entered 3 to have a number,Sound,,,,,,,,,,,,
DENA-HZF-C-04RL,7/23/2009 1:43:12 AM,-2147483646,1,10,3,3,1,Default,Diameter wasn't listed on sheet entered 3 to have a number,Sound,,,,,,,,,,,,
DENA-HZF-C-04RL,7/23/2009 1:43:12 AM,-2147483645,1,10,4,3,1,Default,Diameter wasn't listed on sheet entered 3 to have a number,Sound,,,,,,,,,,,,
DENA-HZF-C-04RL,7/23/2009 1:43:12 AM,-2147483644,1,10,5,3,1,Default,Diameter wasn't listed on sheet entered 3 to have a number,Sound,,,,,,,,,,,,
DENA-HZF-C-04RL,8/12/2021 1:39:37 PM,,,,,,,,,,,,1,52.5,M. Neuser; W. Gautsh,J. Hrobak,Decay Status: Sound or Rotten,Species Code,Damage Codes,,True,
DENA-A274-F9,7/22/2016 12:43:09 PM,,,,,,,,,,,,1,98,Rachel Loehman; Esther Babcock,J. Hrobak,Decay Status: Sound or Rotten,Species Code,Damage Codes,,True,
DENA-A274-F9,7/22/2016 12:43:09 PM,-2147483648,1,0,1,3.5,5,Default,,Rotten,PIMA,FIRE,,,,,,,,,,
DENA-A274-F9,7/22/2016 12:43:09 PM,-2147483647,1,0,2,3.5,5,Default,,Rotten,PIMA,FIRE,,,,,,,,,,
DENA-A274-F9,7/22/2016 12:43:09 PM,-2147483646,1,0,3,3,5,Default,,Rotten,PIMA,FIRE,,,,,,,,,,
DENA-TLS-36,7/1/2022 1:09:39 PM,,,,,,,,,,,,1,52.5,M Behrens T Schaub R Brand,M Behrens,Decay Status: Sound or Rotten,Species Code,Damage Codes,,True,
DENA-TLS-36,7/1/2022 1:09:39 PM,-2147483648,1,17,1,4,2,Default,,Sound,PIGL,,,,,,,,,,,
DENA-TLS-36,7/1/2022 1:09:39 PM,-2147483647,1,17,2,4,2,Default,,Sound,PIGL,,,,,,,,,,,
DENA-A274-F12,7/22/2016 3:48:31 PM,,,,,,,,,,,,1,98,Rachel Loehman; Esther Babcock,J. Hrobak,Decay Status: Sound or Rotten,Species Code,Damage Codes,,True,
DENA-HZF-C-02RL,7/23/2009 1:31:23 AM,,,,,,,,,,,,1,52.5,J Mitchell; R Wilson; M Llanes; C Campanelli; H Bradshaw,J OConnor,Decay Status: Sound or Rotten,Species Code,Damage Codes,,True,
DENA-HZF-C-02RL,7/23/2009 1:31:23 AM,-2147483648,1,7,1,5,5,Default,,Rotten,,,,,,,,,,,,
DENA-HZF-C-02RL,7/14/2021 5:59:28 PM,,,,,,,,,,,,1,52.5,J. O'Connor,J. Hrobak,Decay Status: Sound or Rotten,Species Code,Damage Codes,,True,
DENA-HZF-C-02RL,7/14/2021 5:59:28 PM,-2147483648,1,15,1,4,5,Default,,Rotten,PIGL,,,,,,,,,,,
DENA-HZF-C-16,7/25/2009 5:42:25 PM,,,,,,,,,,,,1,52.5,J Mitchell; M Llanes; C Campanelli; H Bradshaw; R Wilson; B McCreary,J OConnor,Decay Status: Sound or Rotten,Species Code,Damage Codes,,True,
DENA-HZF-C-16,8/11/2021 3:26:33 PM,,,,,,,,,,,,1,52.5,J Barnes,J OConnor,Decay Status: Sound or Rotten,Species Code,Damage Codes,,True,
A391-90-50,7/27/2011 3:45:05 PM,,,,,,,,,,,,1,98,,,,,,,True,
DENA-TLS-35,7/11/2022 11:28:43 AM,,,,,,,,,,,,1,52.5,M Behrens T schaub,M Behrens,Decay Status: Sound or Rotten,Species Code,Damage Codes,,True,
DENA-TLS-35,7/11/2022 11:28:43 AM,-2147483648,1,5,1,3.3,X,Default,,Sound,PIGL,,,,,,,,,,,
A391-90-47,7/27/2011 10:16:46 AM,,,,,,,,,,,,1,98,,,,,,,True,
A391-90-47,7/27/2011 10:16:46 AM,-2147483648,1,0,1,4,1,Default,,solid,,,,,,,,,,,,
A391-90-47,7/27/2011 10:16:46 AM,-2147483647,1,0,2,4,1,Default,,solid,,,,,,,,,,,,
A391-90-47,7/27/2011 10:16:46 AM,-2147483646,1,0,3,4,1,Default,,solid,,,,,,,,,,,,
A391-90-47,7/27/2011 10:16:46 AM,-2147483645,1,0,4,4,1,Default,,solid,,,,,,,,,,,,
A391-90-47,7/27/2011 10:16:46 AM,-2147483644,1,0,5,4,1,Default,,solid,,,,,,,,,,,,
A391-90-47,7/27/2011 10:16:46 AM,-2147483643,1,0,6,4,1,Default,,solid,,,,,,,,,,,,
A391-90-47,7/27/2011 10:16:46 AM,-2147483642,1,0,7,4,1,Default,,solid,,,,,,,,,,,,
A391-90-47,7/27/2011 10:16:46 AM,-2147483641,1,0,8,5,1,Default,,solid,,,,,,,,,,,,
A391-90-47,7/27/2011 10:16:46 AM,-2147483640,1,0,9,8,1,Default,,solid,,,,,,,,,,,,
A391-90-47,7/27/2011 10:16:46 AM,-2147483639,1,0,10,6,1,Default,,solid,,,,,,,,,,,,
A391-90-47,7/27/2011 10:16:46 AM,-2147483638,1,0,11,6,1,Default,,solid,,,,,,,,,,,,
A391-90-47,7/27/2011 10:16:46 AM,-2147483637,1,0,12,6,1,Default,,solid,,,,,,,,,,,,
DENA-TLS-19,8/4/2022 5:05:10 PM,,,,,,,,,,,,1,52.5,M. Behrens; T. Schaub,M. Behrens,Decay Status: Sound or Rotten,Species Code,Damage Codes,,True,
DENA-TLS-31,6/27/2022 1:48:28 PM,,,,,,,,,,,,1,52.5,M. Behrens; T. Schaub,M. Behrens,Decay Status: Sound or Rotten,Species Code,Damage Codes,,True,
DENA-HQ-TX-14,6/22/2021 3:05:05 PM,,,,,,,,,,,,1,52.5,J Hrobak; M Neuser,J O'Connor,Decay Status: Sound or Rotten,Species Code,Damage Codes,,True,
DENA-HQ-TX-14,6/22/2021 3:05:05 PM,-2147483648,1,0,1,3,5,Default,Diameter wasn't recored; it was at least 3,Rotten,UNK,,,,,,,,,,,
DENA-HQ-TX-14,6/22/2021 3:05:05 PM,-2147483647,1,0,2,3,5,Default,Diameter wasn't recored; it was at least 3,Rotten,UNK,,,,,,,,,,,
DENA-HQ-TX-14,6/28/2023 1:00:58 PM,,,,,,,,,,,,1,52.5,,S. Stehn,Decay Status: Sound or Rotten,Species Code,Damage Codes,,True,
DENA-HQ-TX-14,6/28/2023 1:00:58 PM,-2147483648,1,0,1,12,1,Default,,Solid,,,,,,,,,,,,
DENA-HQ-TX-14,6/28/2023 1:00:58 PM,-2147483647,1,0,2,16,4,Default,,Rotten,,,,,,,,,,,,
DENA-HQ-TX-14,6/28/2023 1:00:58 PM,-2147483646,1,0,3,11,3,Default,,Rotten,,,,,,,,,,,,
DENA-HZF-Z3-08,6/12/2003 5:28:06 PM,,,,,,,,,,,,1,50,,,,,,,True,
DENA-HZF-Z3-08,6/14/2005 2:31:36 PM,,,,,,,,,,,,1,50,,,,,,,True,
DENA-HZF-Z3-08,7/21/2009 4:02:29 PM,,,,,,,,,,,,1,52.5,J Mitchell; C Campanelli; R Wilson; M Llanes; B McCreary; C Reynar,J OConnor,Decay Status: Sound or Rotten,Species Code,Damage Codes,,True,
DENA-HZF-Z3-08,8/12/2021 7:22:50 PM,,,,,,,,,,,,1,52.5,J OConnor,J OConnor,Decay Status: Sound or Rotten,Species Code,Damage Codes,,True,
A185-86-123,7/26/2011 3:35:14 PM,,,,,,,,,,,,1,98,,,,,,,True,
DENA-HZF-Z3-29,6/22/2003 6:02:49 PM,,,,,,,,,,,,1,50,,,,,,,True,
DENA-HZF-Z3-29,6/15/2005 3:51:43 PM,,,,,,,,,,,,1,50,,,,,,,True,
DENA-HZF-Z3-29,7/24/2009 5:09:31 PM,,,,,,,,,,,,1,52.5,R Wilson; M Llanes; C Campanelli; H Bradshaw,J OConnor,Decay Status: Sound or Rotten,Species Code,Damage Codes,,True,
DENA-HZF-Z3-29,7/14/2021 7:21:49 PM,,,,,,,,,,,,1,52.5,J OConnor,J OConnor,Decay Status: Sound or Rotten,Species Code,Damage Codes,,True,
DENA-HQ-TX-22,6/21/2021 5:41:10 PM,,,,,,,,,,,,1,52.5,J Barnes,J OConnor,Decay Status: Sound or Rotten,Species Code,Damage Codes,,True,
DENA-HZF-Z3-30RL,8/18/2003 6:07:00 PM,,,,,,,,,,,,1,50,,,,,,,True,
DENA-HZF-Z3-30RL,6/15/2005 3:56:43 PM,,,,,,,,,,,,1,50,,,,,,,True,
DENA-HZF-Z3-30RL,7/25/2009 4:46:09 PM,,,,,,,,,,,,1,52.5,R Wilson,J OConnor,Decay Status: Sound or Rotten,Species Code,Damage Codes,,True,
DENA-HZF-Z3-30RL,8/11/2021 7:04:07 PM,,,,,,,,,,,,1,52.5,J OConnor; R Nessle,J OConnor,Decay Status: Sound or Rotten,Species Code,Damage Codes,,True,
DENA-HQ-TX-28,6/24/2021 5:48:31 PM,,,,,,,,,,,,1,52.5,J Hrobak; M Neuser,J OConnor,Decay Status: Sound or Rotten,Species Code,Damage Codes,,True,
DENA-HQ-TX-28,6/27/2023 2:49:21 PM,,,,,,,,,,,,1,52.5,,S. Stehn,Decay Status: Sound or Rotten,Species Code,Damage Codes,,True,
DENA-HZF-C-15,7/24/2009 5:40:43 PM,,,,,,,,,,,,1,52.5,J Mitchell; M Llanes; C Campanelli; H Bradshaw; R Wilson,J OConnor,Decay Status: Sound or Rotten,Species Code,Damage Codes,,True,
DENA-HZF-C-15,7/15/2021 3:49:50 PM,,,,,,,,,,,,1,52.5,J. O'Connor,J. Hrobak,Decay Status: Sound or Rotten,Species Code,Damage Codes,,True,
A391-90-57,7/27/2011 9:37:28 AM,,,,,,,,,,,,1,98,,,,,,,True,
A391-90-57,7/27/2011 9:37:28 AM,-2147483648,1,0,1,4.3,1,Default,fall resulting from fire,solid,PIMA,burned,,,,,,,,,,
DENA-A274-H2,7/21/2016 12:57:05 PM,,,,,,,,,,,,1,98,Jennifer Hrobak; Jennifer Barnes,J. Hrobak,Decay Status: Sound or Rotten,Species Code,Damage Codes,,True,
DENA-A274-H2,7/21/2016 12:57:05 PM,-2147483648,1,0,1,3,1,Default,,Sound,PIMA,FIRE,,,,,,,,,,
DENA-HQ-TX-21,6/21/2021 5:39:23 PM,,,,,,,,,,,,1,52.5,J Barnes; K Gates; K Cowan; R Nessle; J OConnor,J OConnor,Decay Status: Sound or Rotten,Species Code,Damage Codes,,True,
DENA-HZF-C-09,7/24/2009 5:40:11 PM,,,,,,,,,,,,1,52.5,J Mitchell; M Llanes; C Campanelli; H Bradshaw; B McCreary,J OConnor,Decay Status: Sound or Rotten,Species Code,Damage Codes,,True,
DENA-HZF-C-09,8/12/2021 3:36:50 PM,,,,,,,,,,,,1,52.5,R. Nessle; J. O'Connor,J. Hrobak,Decay Status: Sound or Rotten,Species Code,Damage Codes,,True,
DENA-TLS-28,8/30/2022 5:56:37 PM,,,,,,,,,,,,1,52.5,M. Behrens; T. Schaub; K. Gates,M. Behrens,Decay Status: Sound or Rotten,Species Code,Damage Codes,,True,
DENA-TLS-24,6/23/2022 6:49:20 PM,,,,,,,,,,,,1,52.5,J. Barnes; M. Behrens; T. Schaub,T. Schaub,Decay Status: Sound or Rotten,Species Code,Damage Codes,,True,
DENA-HZF-Z3-07,6/14/2005 2:20:45 PM,,,,,,,,,,,,1,50,,,,,,,True,
DENA-HZF-Z3-07,6/14/2005 2:20:45 PM,-2147483648,1,18,1,3,3,Default,,rotten,,,,,,,,,,,,
DENA-HZF-Z3-07,7/23/2009 3:54:00 PM,,,,,,,,,,,,1,52.5,J Mitchell; C Campanelli; R Wilson; M Llanes,J OConnor,Decay Status: Sound or Rotten,Species Code,Damage Codes,,True,
DENA-HZF-Z3-07,8/12/2021 7:22:58 PM,,,,,,,,,,,,1,52.5,J OConnor,J OConnor,Decay Status: Sound or Rotten,Species Code,Damage Codes,,True,
DENA-TLS-37,7/12/2022 2:25:04 PM,,,,,,,,,,,,1,52.5,M Behrens T Schaub,M Behrens,Decay Status: Sound or Rotten,Species Code,Damage Codes,,True,
DENA-TLS-37,7/12/2022 2:25:04 PM,-2147483648,1,32,1,4,X,Default,,Sound,PIGL,,,,,,,,,,,
DENA-TLS-33,8/2/2022 5:11:49 PM,,,,,,,,,,,,1,52.5,M behrens T schaub R brand N tilges,M Behrens,Decay Status: Sound or Rotten,Species Code,Damage Codes,,True,
A185-86-143,7/26/2011 1:49:22 PM,,,,,,,,,,,,1,98,,,,,,,True,
DENA-TLS-25,8/30/2022 12:44:15 PM,,,,,,,,,,,,1,52.5,K. Gates,T. Schaub,Decay Status: Sound or Rotten,Species Code,Damage Codes,,True,
DENA-TLS-25,8/30/2022 12:44:15 PM,-2147483648,1,1,1,10,4,Default,,Rotten,BEPA,Unk,,,,,,,,,,
DENA-HQ-TX-02,6/23/2021 6:06:44 PM,,,,,,,,,,,,1,52.5,J Barnes; K Gates; J O'Connor,J O'Connor,Decay Status: Sound or Rotten,Species Code,Damage Codes,,True,
DENA-HQ-TX-02,7/28/2023 7:22:29 PM,,,,,,,,,,,,1,52.5,,S. Stehn,Decay Status: Sound or Rotten,Species Code,Damage Codes,,True,
DENA-HZF-Z3-19RL,8/16/2003 9:43:41 AM,,,,,,,,,,,,1,50,,,,,,,True,
DENA-HZF-Z3-19RL,7/24/2005 3:28:49 PM,,,,,,,,,,,,1,50,,,,,,,True,
DENA-HZF-Z3-19RL,7/25/2009 10:22:19 AM,,,,,,,,,,,,1,52.5,J Mitchell; R Wilson; M Llanes; C Campanelli; B McCreary; H Bradshaw,J OConnor,Decay Status: Sound or Rotten,Species Code,Damage Codes,,True,
DENA-HZF-Z3-19RL,8/11/2021 7:22:12 PM,,,,,,,,,,,,1,52.5,J Barnes; M Neuser; W Gautsch,J OConnor,Decay Status: Sound or Rotten,Species Code,Damage Codes,,True,
DENA-HQ-TX-09,6/23/2021 2:33:27 PM,,,,,,,,,,,,1,52.5,J Barnes; K Gates; J O'Connor,J O'Connor,Decay Status: Sound or Rotten,Species Code,Damage Codes,,True,
DENA-HQ-TX-09,6/23/2023 12:12:30 PM,,,,,,,,,,,,1,52.5,,S. Stehn,Decay Status: Sound or Rotten,Species Code,Damage Codes,,True,
DENA-HZF-Z3-06,6/11/2003 5:18:15 PM,,,,,,,,,,,,1,50,,,,,,,True,
DENA-HZF-Z3-06,6/15/2005 1:23:19 PM,,,,,,,,,,,,1,50,,,,,,,True,
DENA-HZF-Z3-06,7/23/2009 3:45:07 PM,,,,,,,,,,,,1,52.5,J Mitchell; C Campanelli; R Wilson; H Bradshaw; M Llanes,J Mitchell,Decay Status: Sound or Rotten,Species Code,Damage Codes,,True,
DENA-HZF-Z3-06,7/23/2009 3:45:07 PM,-2147483648,1,24,1,4.5,1,Default,,solid,,,,,,,,,,,,
DENA-HZF-Z3-06,7/14/2021 8:39:35 PM,,,,,,,,,,,,1,52.5,J Barnes,J OConnor,Decay Status: Sound or Rotten,Species Code,Damage Codes,,True,
DENA-HQ-TX-20,6/22/2021 5:37:20 PM,,,,,,,,,,,,1,52.5,J Hrobak; M Neuser,J OConnor,Decay Status: Sound or Rotten,Species Code,Damage Codes,,True,
DENA-HQ-TX-06,6/23/2021 2:14:15 PM,,,,,,,,,,,,1,52.5,J Hrobak; M Neuser,J O'Connor,Decay Status: Sound or Rotten,Species Code,Damage Codes,,True,
DENA-HQ-TX-06,6/22/2023 12:01:10 PM,,,,,,,,,,,,1,52.5,,S. Stehn,Decay Status: Sound or Rotten,Species Code,Damage Codes,,True,
DENA-TLS-39,6/22/2022 1:19:16 PM,,,,,,,,,,,,1,52.5,J Barnes; T Schaub; M Behrens,M Behrens,,,,,True,
DENA-HQ-TX-27,6/21/2021 5:46:11 PM,,,,,,,,,,,,1,52.5,J Hrobak; M Neuser,J OConnor,Decay Status: Sound or Rotten,Species Code,Damage Codes,,True,
DENA-HQ-TX-05,6/23/2021 2:05:36 PM,,,,,,,,,,,,1,52.5,J Hrobak; M Neuser,J O'Connor,Decay Status: Sound or Rotten,Species Code,Damage Codes,,True,
DENA-HQ-TX-05,6/26/2023 11:47:13 AM,,,,,,,,,,,,1,52.5,,S. Stehn,Decay Status: Sound or Rotten,Species Code,Damage Codes,,True,
DENA-HZF-Z2-04RL,6/14/2005 10:23:40 AM,,,,,,,,,,,,1,50,,,,,,,True,
DENA-HZF-Z2-04RL,7/22/2009 3:11:05 PM,,,,,,,,,,,,1,52.5,J Mitchell; C Campanelli; R Wilson; M Llanes,J OConnor,Decay Status: Sound or Rotten,Species Code,Damage Codes,,True,
DENA-HZF-Z2-04RL,8/12/2021 7:31:34 PM,,,,,,,,,,,,1,52.5,M Neuser; W Gautsch; R Nessle,J OConnor,Decay Status: Sound or Rotten,Species Code,Damage Codes,,True,
DENA-HZF-Z2-04RL,8/12/2021 7:31:34 PM,-2147483648,1,3,1,3,5,Default,Diameter wasn't listed on data sheet,Rotten,,,,,,,,,,,,
DENA-HZF-Z2-04RL,8/12/2021 7:31:34 PM,-2147483647,1,3,2,3,5,Default,Diameter wasn't listed on data sheet,Rotten,,,,,,,,,,,,
A185-86-116,7/26/2011 8:20:59 AM,,,,,,,,,,,,1,98,,,,,,,True,
DENA-HZF-Z3-10RL,8/17/2003 5:36:51 PM,,,,,,,,,,,,1,50,,,,,,,True,
DENA-HZF-Z3-10RL,6/16/2005 2:57:03 PM,,,,,,,,,,,,1,50,,,,,,,True,
DENA-HZF-Z3-10RL,7/25/2009 4:10:29 PM,,,,,,,,,,,,1,52.5,J Mitchell; R Wilson; M Llanes; C Campanelli; B McCreary; H Bradshaw,J OConnor,Decay Status: Sound or Rotten,Species Code,Damage Codes,,True,
DENA-HZF-Z3-10RL,8/11/2021 7:22:39 PM,,,,,,,,,,,,1,52.5,J OConnor,J OConnor,Decay Status: Sound or Rotten,Species Code,Damage Codes,,True,
A391-90-59,7/27/2011 4:39:20 PM,,,,,,,,,,,,1,98,,,,,,,True,
DENA-HZF-Z2-16,6/11/2003 9:33:27 AM,,,,,,,,,,,,1,50,,,,,,,True,
DENA-HZF-Z2-16,6/11/2003 9:33:27 AM,-2147483648,1,1,1,3,5,Default,,,,,,,,,,,,,,
DENA-HZF-Z2-16,6/13/2005 11:27:01 AM,,,,,,,,,,,,1,50,,,,,,,True,
DENA-HZF-Z2-16,7/22/2009 3:38:14 PM,,,,,,,,,,,,1,52.5,J Mitchell; R Wilson; M Llanes; C Campanelli,J OConnor,Decay Status: Sound or Rotten,Species Code,Damage Codes,,True,
DENA-HZF-Z2-16,8/13/2021 4:40:20 PM,,,,,,,,,,,,1,52.5,M Neuser; R Nessle; W Gautsch,J OConnor,Decay Status: Sound or Rotten,Species Code,Damage Codes,,True,
DENA-HZF-C-14,7/23/2009 3:32:20 PM,,,,,,,,,,,,1,52.5,J. Mitchell; C. Castenelli; M. Llanes; R. Wilson,J. Hrobak,Decay Status: Sound or Rotten,Species Code,Damage Codes,,True,
DENA-HZF-Z3-13,6/14/2005 3:10:04 PM,,,,,,,,,,,,1,50,,,,,,,True,
DENA-HZF-Z3-13,7/22/2009 4:16:02 PM,,,,,,,,,,,,1,52.5,R Wilson; M Llanes,J OConnor,Decay Status: Sound or Rotten,Species Code,Damage Codes,,True,
DENA-HZF-Z3-13,8/12/2021 7:22:31 PM,,,,,,,,,,,,1,52.5,M Neuser; W Gautsch,J OConnor,Decay Status: Sound or Rotten,Species Code,Damage Codes,,True,
DENA-TLS-34,8/2/2022 6:29:45 PM,,,,,,,,,,,,1,52.5,M behrens N tilges T schaub R brand,M Behrens,Decay Status: Sound or Rotten,Species Code,Damage Codes,,True,
DENA-TLS-29,7/7/2022 7:39:44 PM,,,,,,,,,,,,1,52.5,M. Behrens; T. Schaub; N. Tilges,M. Behrens,Decay Status: Sound or Rotten,Species Code,Damage Codes,,True,
DENA-HZF-Z3-15,6/13/2003 5:45:42 PM,,,,,,,,,,,,1,50,,,,,,,True,
DENA-HZF-Z3-15,7/23/2009 4:21:52 PM,,,,,,,,,,,,1,52.5,R Wilson; M Llanes; C Campanelli,J OConnor,Decay Status: Sound or Rotten,Species Code,Damage Codes,,True,
DENA-HZF-Z3-15,8/12/2021 7:49:56 PM,,,,,,,,,,,,1,52.5,M Neuser; W Gautsch,J OConnor,Decay Status: Sound or Rotten,Species Code,Damage Codes,,True,
DENA-HZF-Z3-15,8/12/2021 7:49:56 PM,-2147483648,1,10,1,3,1,Default,Diameter wan't listed on data sheet,Solid,,,,,,,,,,,,
DENA-HQ-TX-04,6/23/2021 2:33:37 PM,,,,,,,,,,,,1,52.5,J Hrobak; M Neuser; K Cowan,J O'Connor,Decay Status: Sound or Rotten,Species Code,Damage Codes,,True,
DENA-HQ-TX-04,6/23/2023 11:37:53 AM,,,,,,,,,,,,1,52.5,,S. Stehn,Decay Status: Sound or Rotten,Species Code,Damage Codes,,True,
DENA-TLS-30,6/25/2022 6:17:20 PM,,,,,,,,,,,,1,52.5,T. Schaub; M. Behrens,M. Behrens,Decay Status: Sound or Rotten,Species CodeSpecies Code,Damage Codes,,True,
DENA-HQ-TX-18,6/22/2021 5:31:28 PM,,,,,,,,,,,,1,52.5,J Barnes,J OConnor,Decay Status: Sound or Rotten,Species Code,Damage Codes,,True,
DENA-HZF-Z2-15RL,8/12/2003 9:28:55 AM,,,,,,,,,,,,1,50,,,,,,,True,
DENA-HZF-Z2-15RL,8/12/2003 9:28:55 AM,-2147483648,1,0,1,3.5,1,Default,,solid,,,,,,,,,,,,
DENA-HZF-Z2-15RL,6/16/2005 4:47:45 PM,,,,,,,,,,,,1,50,,,,,,,True,
DENA-HZF-Z2-15RL,6/16/2005 4:47:45 PM,-2147483648,1,0,1,3.2,1,Default,,solid,,,,,,,,,,,,
DENA-HZF-Z2-15RL,7/25/2009 9:39:23 AM,,,,,,,,,,,,1,52.5,J Mitchell; R Wilson; M Llanes; C Campanelli; B McCreary; H Bradshaw,J OConnor,Decay Status: Sound or Rotten,Species Code,Damage Codes,,True,
DENA-HZF-Z2-15RL,9/1/2021 7:23:10 PM,,,,,,,,,,,,1,52.5,J Barnes,J OConnor,Decay Status: Sound or Rotten,Species Code,Damage Codes,,True,
DENA-TLS-23,6/24/2022 4:45:20 PM,,,,,,,,,,,,1,52.5,J. Barnes; T. Schaub; M Behrens,T. Schaub,Decay Status: Sound or Rotten,Species Code,Damage Codes,,True,
DENA-TLS-20,6/28/2022 1:36:05 PM,,,,,,,,,,,,1,52.5,T. Schaub; M. Behrens,T. Schaub,Decay Status: Sound or Rotten,Species Code,Damage Codes,,True,
DENA-HQ-TX-01,6/23/2021 2:34:00 PM,,,,,,,,,,,,1,52.5,J Barnes; K Gates; J O'Connor,M Neuser,Decay Status: Sound or Rotten,Species Code,Damage Codes,,True,
DENA-HQ-TX-01,6/28/2023 4:23:22 PM,,,,,,,,,,,,1,52.5,,S. Stehn,Decay Status: Sound or Rotten,Species Code,Damage Codes,,True,
DENA-HQ-TX-26,6/22/2021 5:44:26 PM,,,,,,,,,,,,1,52.5,J Hrobak; M Neuser,J OConnor,Decay Status: Sound or Rotten,Species Code,Damage Codes,,True,
DENA-HZF-Z2-10RL,8/11/2003 6:23:29 PM,,,,,,,,,,,,1,50,,,,,,,True,
DENA-HZF-Z2-10RL,6/22/2005 10:34:02 AM,,,,,,,,,,,,1,50,,,,,,,True,
DENA-HZF-Z2-10RL,7/25/2009 3:29:21 PM,,,,,,,,,,,,1,52.5,J Mitchell; H Bradshaw; R Wilson; B McCreary; C Campanelli; M Llanes,J OConnor,Decay Status: Sound or Rotten,Species Code,Damage Codes,,True,
DENA-HZF-Z2-10RL,8/11/2021 7:54:18 PM,,,,,,,,,,,,1,52.5,J Barnes; M Neuser; W Gautsch,J OConnor,Decay Status: Sound or Rotten,Species Code,Damage Codes,,True,
DENA-A274-F10,7/22/2016 10:13:01 AM,,,,,,,,,,,,1,98,Jennifer Barnes; winter West,J. Hrobak,Decay Status: Sound or Rotten,Species Code,Damage Codes,,True,
DENA-HQ-TX-12,6/22/2021 2:52:26 PM,,,,,,,,,,,,1,52.5,J Barnes; K Gates; J O'Connor,J O'Connor,Decay Status: Sound or Rotten,Species Code,Damage Codes,,True,
DENA-HQ-TX-12,6/22/2023 12:50:44 PM,,,,,,,,,,,,1,52.5,,S. Stehn,Decay Status: Sound or Rotten,Species Code,Damage Codes,,True,
DENA-HQ-TX-19,6/22/2021 5:34:49 PM,,,,,,,,,,,,1,52.5,K Gates; J OConnor,J OConnor,Decay Status: Sound or Rotten,Species Code,Damage Codes,,True,
DENA-HQ-TX-10,6/24/2021 2:38:39 PM,,,,,,,,,,,,1,52.5,J Barnes; K Gates; J O'Connor,J O'Connor,Decay Status: Sound or Rotten,Species Code,Damage Codes,,True,
DENA-HQ-TX-10,6/27/2023 12:16:25 PM,,,,,,,,,,,,1,52.5,,S. Stehn,Decay Status: Sound or Rotten,Species Code,Damage Codes,,True,
A185-86-136,7/26/2011 11:00:42 AM,,,,,,,,,,,,1,98,,,,,,,True,
A185-86-136,7/26/2011 11:00:42 AM,-2147483648,1,2,1,3.5,1,Default,fall resulting from fire,solid,BEPA?,,,,,,,,,,,
