MacroPlot Name,Date,Index,Transect,SampLoc,OffSet,LittDep,LiveMoss,DeadMoss,UppDuffDep,LowDuffDep,LichDep,FuelbedDep,ExpDLFuConSt,Comment,UV1,UV2,UV3,NumTran,FieldTeam,EntryTeam,UV1Desc,UV2Desc,UV3Desc,SaComment,Visited,
A288-00-1352,7/18/2005 10:28:00 AM,,,,,,,,,,,,,,,,,1,Stinchfield; Olson,J. Hrobak,Surface layer burn severity,Surface layer code at point where duff plug is taken ,Sample Location,,True,
A288-00-1352,7/18/2005 10:28:00 AM,-2147483648,1,1,False,0,0,0,10,5,0,15,Default,,,,0m,,,,,,,,,
A288-00-1352,7/18/2005 10:28:00 AM,-2147483647,1,2,False,0,2,14,8,,0,,Default,Lower duff present but not measured (deep),,,30m,,,,,,,,,
NOAT-NAN-F07,6/23/2011 10:54:39 AM,,,,,,,,,,,,,,,,,1,,,,,,,True,
NOAT-NAN-F07,6/23/2011 10:54:39 AM,-2147483648,1,1,False,0,3,1.5,7,4,,15.5,Default,,unburned,FM,,,,,,,,,,
NOAT-TUT-D02,6/25/2011 5:41:01 PM,,,,,,,,,,,,,,,,,1,,,,,,,True,
NOAT-TUT-D02,6/25/2011 5:41:01 PM,-2147483648,1,1,False,0,0,9,1,5,0,16,Default,likely feathermoss surface layer pre-fire (AULAC; lower duff to mineral soil/clay with roots in it,burned- moderate/high,DM,,,,,,,,,,
A391-90-54,7/6/2005 1:15:36 PM,,,,,,,,,,,,,,,,,1,Allen; Parker; Stinchfield,J. Hrobak,Surface layer burn severity,Surface layer code at point where duff plug is taken ,Sample Location,,True,
A391-90-54,7/6/2005 1:15:36 PM,-2147483648,1,1,False,,,,,,,,Default,SWAMP - No Measurements Taken,,,,,,,,,,,,
A391-90-54,7/27/2011 1:51:02 PM,,,,,,,,,,,,,,,,,1,,,,,,,True,
A391-90-54,7/27/2011 1:51:02 PM,-2147483648,1,6,True,0,0.5,0.5,4,9,0,14,Default,,,,,,,,,,,,,
A391-90-54,7/27/2011 1:51:02 PM,-2147483647,1,18,False,0,2,2.5,9,18,0,31.5,Default,,,,,,,,,,,,,
NOAT-SID-G01,6/24/2011 6:39:19 PM,,,,,,,,,,,,,,,,,1,,,,,,,True,
NOAT-SID-G01,6/24/2011 6:39:19 PM,-2147483648,1,1,False,,,,,,,,Default,no data collected,,,,,,,,,,,,
DENA-HQ-TX-08,6/24/2021 2:26:42 PM,,,,,,,,,,,,,,,,,1,J Barnes; K Gates; J OConnor,J OConnor,Surface layer burn severity,Surface layer code at point where duff plug is taken,Sample Location,,True,
DENA-HQ-TX-08,6/24/2021 2:26:42 PM,-2147483648,1,1,False,,3,2,4.5,2,,11.5,Default,,,HYSP,0m,,,,,,,,,
DENA-HQ-TX-08,6/24/2021 2:26:42 PM,-2147483647,1,2,False,,5.25,5,4,3.5,,17.75,Default,,,HYSP,16m,,,,,,,,,
DENA-HQ-TX-08,6/22/2023 12:09:39 PM,,,,,,,,,,,,,,,,,1,,S. Stehn,Surface layer burn severity,Surface layer code at point where duff plug is taken,Sample Location,,True,
DENA-HQ-TX-08,6/22/2023 12:09:39 PM,1,1,1,False,2,4,3,8,2.5,0,19.5,Default,,,HYLSPL,0m,,,,,,,,,
DENA-HQ-TX-08,6/22/2023 12:09:39 PM,2,1,2,False,1,3,4,7,3,0,18,Default,,,HYLSPL,16m,,,,,,,,,
DENA-A274-G1,8/17/2016 8:46:09 AM,,,,,,,,,,,,,,,,,1,Rachel Loehman,J. Hrobak,Surface layer burn severity,Surface layer code at point where duff plug is taken,,,True,
DENA-A274-G1,8/17/2016 8:46:09 AM,-2147483648,1,1,False,0,2,2,13,,0.2,17,Default,Sampled to water.  Did not reach LD.,,,,,,,,,,,,
DENA-A274-G1,8/17/2016 8:46:09 AM,-2147483647,1,2,False,0,4,4,13,,0.2,21,Default,Sampled to water.  Did not reach LD.,,,,,,,,,,,,
DENA-A274-G1,8/17/2016 8:46:09 AM,-2147483646,1,3,False,0.5,1.5,2,20,2,1,27,Default,Sampled to water. Did not reach mineral soil.,,,,,,,,,,,,
DENA-TLS-32,6/28/2022 2:51:48 PM,,,,,,,,,,,,,,,,,1,M. Behrens; . Schaub; R. Brand,M. Behrens,Surface layer burn severity,Surface layer code at point where duff plug is taken ,Sample Location,,True,
DENA-TLS-32,6/28/2022 2:51:48 PM,-2147483648,1,1,False,0,7,11,8,3,0,29,Default,,,DUFF,0M,,,,,,,,,
DENA-TLS-32,6/28/2022 2:51:48 PM,-2147483647,1,2,False,0,4,3,2,3,0,12,Default,,,DUFF,16M,,,,,,,,,
DENA-HZF-Z3-22,6/13/2003 5:50:37 PM,,,,,,,,,,,,,,,,,1,,,,,,,True,
DENA-HZF-Z3-22,6/13/2003 5:50:37 PM,-2147483648,1,0,False,,11,10,5,4,,30,Default,,,,,,,,,,,,,
DENA-HZF-Z3-22,6/13/2003 5:50:37 PM,-2147483647,1,16,False,,7,8,5,4,,24,Default,,,,,,,,,,,,,
DENA-HZF-Z3-22,6/14/2005 3:33:24 PM,,,,,,,,,,,,,,,,,1,,,,,,,True,
DENA-HZF-Z3-22,6/14/2005 3:33:24 PM,-2147483648,1,0,False,3,3,4,6,4,,20,Default,,,,,,,,,,,,,
DENA-HZF-Z3-22,6/14/2005 3:33:24 PM,-2147483647,1,16,False,0.5,2,1.5,5,2,0.5,11.5,Default,,,,,,,,,,,,,
DENA-HZF-Z3-22,7/22/2009 4:51:28 PM,,,,,,,,,,,,,,,,,1,J Mitchell; R Wilson; M Llanes; C Campanelli,J Mitchell,Surface layer burn severity,Surface layer code at point where duff plug is taken,Sample Location,,True,
DENA-HZF-Z3-22,7/22/2009 4:51:28 PM,-2147483648,1,1,False,,,,,20,,20,Default,to mineral,,,0m,,,,,,,,,
DENA-HZF-Z3-22,7/22/2009 4:51:28 PM,-2147483647,1,2,False,,,,,17,,17,Default,to rock,,,16m,,,,,,,,,
DENA-HZF-Z3-22,8/12/2021 5:29:08 PM,,,,,,,,,,,,,,,,,1,J OConnor,J OConnor,Surface layer burn severity,Surface layer code at point where duff plug is taken,Sample Location,,True,
DENA-HZF-Z3-22,8/12/2021 5:29:08 PM,-2147483648,1,1,False,,,1.5,9,4,4,18.5,Default,,,CLRA,0m,,,,,,,,,
DENA-HZF-Z3-22,8/12/2021 5:29:08 PM,-2147483647,1,2,False,,4.5,3,8,4,,19.5,Default,,,HYSP,16m,,,,,,,,,
NOAT-SID-G06,6/24/2011 10:03:58 AM,,,,,,,,,,,,,,,,,1,,,,,,,True,
NOAT-SID-G06,6/24/2011 10:03:58 AM,-2147483648,1,1,False,,,,,,,,Default,no data collected,,,,,,,,,,,,
DENA-TLS-18,7/13/2022 5:08:33 PM,,,,,,,,,,,,,,,,,1,T. Schaub; N. Tilges,M; Behrens,Surface layer burn severity,Surface layer code at point where duff plug is taken ,Sample Location,,True,
DENA-TLS-18,7/13/2022 5:08:33 PM,-2147483648,1,1,False,0,6,5,3,8,0,22,Default,,,DUFF,0M,,,,,,,,,
DENA-TLS-18,7/13/2022 5:08:33 PM,-2147483647,1,2,False,1,3,3,3,7,0,16,Default,,,DUFF,16M,,,,,,,,,
DENA-A274-G3,8/16/2016 3:44:30 PM,,,,,,,,,,,,,,,,,1,Rachel Loehman,J. Hrobak,Surface layer burn severity,Surface layer code at point where duff plug is taken,,,True,
DENA-A274-G3,8/16/2016 3:44:30 PM,-2147483648,1,1,False,0.2,,25,,,2,27,Default,Sampled in SM. Did not reach upper or lower duff,,,,,,,,,,,,
DENA-A274-G3,8/16/2016 3:44:30 PM,-2147483647,1,2,False,,2,15,2,5,1,25,Default,DM was SM.,,,,,,,,,,,,
DENA-A274-G3,8/16/2016 3:44:30 PM,-2147483646,1,3,False,0.2,0.5,5,7,3,0.2,15.5,Default,DM was half SM.,,,,,,,,,,,,
A185-86-137,7/26/2011 1:50:00 PM,,,,,,,,,,,,,,,,,1,,,,,,,True,
A185-86-137,7/26/2011 1:50:00 PM,-2147483648,1,1,True,0,3,0,15,0,0,18,Default,unknown fuelbed depth; greater than plug depth.  Upper duff = sphagnum duff,,,,,,,,,,,,
A185-86-137,7/26/2011 1:50:00 PM,-2147483647,1,18,False,0.2,0,0,0,17,0,17.2,Default,,,,,,,,,,,,,
DENA-A274-H4,7/20/2016 10:50:59 AM,,,,,,,,,,,,,,,,,1,Jennifer Barnes; Winter West,J. Hrobak,Surface layer burn severity,Surface layer code at point where duff plug is taken,,,True,
DENA-A274-H4,7/20/2016 10:50:59 AM,-2147483648,1,1,False,,0.2,,,1,,1,Default,Live Moss is trace of CEPU,,CEPU,,,,,,,,,,
DENA-A274-H4,7/20/2016 10:50:59 AM,-2147483647,1,2,False,0.2,,,5,4,,9,Default,,,,,,,,,,,,,
DENA-A274-H4,7/20/2016 10:50:59 AM,-2147483646,1,3,False,,2,,,3,,5,Default,Live Moss is CEPU,,CEPU,,,,,,,,,,
NOAT-ROK-B02,6/24/2011 2:56:36 PM,,,,,,,,,,,,,,,,,1,,,,,,,True,
NOAT-ROK-B02,6/24/2011 2:56:36 PM,-2147483648,1,1,False,0,3,3,10,,,16,Default,unburned sphagnum; frozen below UD,unburned ,SPHAG,,,,,,,,,,
B288-01-1179,7/7/2005 9:44:59 AM,,,,,,,,,,,,,,,,,1,Allen,J. Hrobak,Surface layer burn severity,Surface layer code at point where duff plug is taken ,Sample Location,,True,
B288-01-1179,7/7/2005 9:44:59 AM,-2147483648,1,1,False,0,0,2,10,10,0,,Default,Sampled to muck in LD. Burned.,,,0m,,,,,,,,,
B288-01-1179,7/7/2005 9:44:59 AM,-2147483647,1,2,False,0,5,28,,,0,33,Default,Sampled to ice in DM. (Sphagnum - unburned),,SPHAG,30m,,,,,,,,,
DENA-HQ-TX-11,6/22/2021 2:47:15 PM,,,,,,,,,,,,,,,,,1,J Barnes; K Gates; J OConnor,J OConnor,Surface layer burn severity,Surface layer code at point where duff plug is taken,Sample Location,,True,
DENA-HQ-TX-11,6/22/2021 2:47:15 PM,-2147483648,1,1,False,3,,,2,1,,6,Default,,,LTRH,0m,,,,,,,,,
DENA-HQ-TX-11,6/22/2021 2:47:15 PM,-2147483647,1,2,False,,3,3,3.5,2,,11.5,Default,,,HYSP,16m,,,,,,,,,
DENA-HQ-TX-11,6/20/2023 12:24:31 PM,,,,,,,,,,,,,,,,,1,,S. Stehn,Surface layer burn severity,Surface layer code at point where duff plug is taken,Sample Location,,True,
DENA-HQ-TX-11,6/20/2023 12:24:31 PM,1,1,1,False,1,0,0,0,0,0,1,Default,,,,0m,,,,,,,,,
DENA-HQ-TX-11,6/20/2023 12:24:31 PM,2,1,2,False,2.9,0.7,1,1.1,2.2,0,7.9,Default,,,,16m,,,,,,,,,
DENA-HQ-TX-03,6/23/2021 7:05:58 PM,,,,,,,,,,,,,,,,,1,J Barnes; K Gates; J OConnor,J OConnor,Surface layer burn severity,Surface layer code at point where duff plug is taken,Sample Location,,True,
DENA-HQ-TX-03,6/23/2021 7:05:58 PM,-2147483648,1,1,False,2,0.5,,3,3.5,,9,Default,,,LTRH,0m,,,,,,,,,
DENA-HQ-TX-03,6/23/2021 7:05:58 PM,-2147483647,1,2,False,,3,3,1,3,,10,Default,,,HYSP,16m,,,,,,,,,
DENA-HQ-TX-03,6/28/2023 11:32:14 AM,,,,,,,,,,,,,,,,,1,,S. Stehn,Surface layer burn severity,Surface layer code at point where duff plug is taken,Sample Location,,True,
DENA-HQ-TX-03,6/28/2023 11:32:14 AM,1,1,1,False,6,4,2,2,3,0,17,Default,,,HYLSPL,0m,,,,,,,,,
DENA-HQ-TX-03,6/28/2023 11:32:14 AM,2,1,2,False,4,4,6,3,3,0,20,Default,,,HYLSPL,16m,,,,,,,,,
DENA-HZF-C-06RL,7/24/2009 5:39:22 PM,,,,,,,,,,,,,,,,,1,J Mitchell; C Campanelli; H Bradshaw; B McCreay,J OConnr,Surface layer burn severity,Surface layer code at point where duff plug is taken,Sample Location,,True,
DENA-HZF-C-06RL,7/24/2009 5:39:22 PM,-2147483648,1,1,False,,,,,28,,28,Default,,,,0m,,,,,,,,,
DENA-HZF-C-06RL,7/24/2009 5:39:22 PM,-2147483647,1,2,False,,,,,25,,25,Default,,,,16m,,,,,,,,,
DENA-HZF-C-06RL,7/15/2021 12:39:58 PM,,,,,,,,,,,,,,,,,1,J. O'Connor,J. Hrobak,Surface layer burn severity,Surface layer code at point where duff plug is taken  ,Sample Location,,True,
DENA-HZF-C-06RL,7/15/2021 12:39:58 PM,-2147483648,1,1,False,,3.5,1.75,11,4.5,,20.75,Default,,,,,,,,,,,,,
DENA-HZF-C-06RL,7/15/2021 12:39:58 PM,-2147483647,1,2,False,,3,3,14,6.5,,26.5,Default,,,,,,,,,,,,,
A223-86-246,7/8/2005 11:42:12 AM,,,,,,,,,,,,,,,,,1,Parker; Stinchfield,J. Hrobak,Surface layer burn severity,Surface layer code at point where duff plug is taken ,Sample Location,,True,
A223-86-246,7/8/2005 11:42:12 AM,-2147483648,1,1,False,3,0,0,5,4,0,12,Default,,,,0m,,,,,,,,,
A223-86-246,7/8/2005 11:42:12 AM,-2147483647,1,2,False,2,0,0,3,1.5,0,6.5,Default,,,,30m,,,,,,,,,
DENA-HZF-C-03,7/24/2009 1:38:58 AM,,,,,,,,,,,,,,,,,1,J Mitchell; M Llanes; C Campanelli; B McCreary; H Bradshaw,J OConnor,Surface layer burn severity,Surface layer code at point where duff plug is taken,Sample Location,,True,
DENA-HZF-C-03,7/24/2009 1:38:58 AM,-2147483648,1,1,False,,,,,23,,23,Default,permafrost,,,0m,,,,,,,,,
DENA-HZF-C-03,7/24/2009 1:38:58 AM,-2147483647,1,2,False,,,,,21,,21,Default,rock,,,16m,,,,,,,,,
DENA-HZF-C-03,7/15/2021 7:16:05 PM,,,,,,,,,,,,,,,,,1,J. Barnes,J. Hrobak,Surface layer burn severity,Surface layer code at point where duff plug is taken  ,Sample Location,,True,
DENA-HZF-C-03,7/15/2021 7:16:05 PM,-2147483648,1,1,False,,3,6,20,,,29,Default,Sampled to ice.,,PLSC,,,,,,,,,,
DENA-HZF-C-03,7/15/2021 7:16:05 PM,-2147483647,1,2,False,,3,2,15,5,,25,Default,Sampled to ice.,,HYSP,,,,,,,,,,
DENA-HQ-TX-13,6/22/2021 2:59:14 PM,,,,,,,,,,,,,,,,,1,J Hrobak; M Neuser,J OConnor,Surface layer burn severity,Surface layer code at point where duff plug is taken,Sample Location,,True,
DENA-HQ-TX-13,6/22/2021 2:59:14 PM,-2147483648,1,1,False,,1.5,0.7,5,2,,9.2,Default,,,HYSP,0m,,,,,,,,,
DENA-HQ-TX-13,6/22/2021 2:59:14 PM,-2147483647,1,2,False,,2.5,3,4,2,,11.5,Default,,,HYSP,16m,,,,,,,,,
DENA-HQ-TX-13,6/21/2023 12:55:47 PM,,,,,,,,,,,,,,,,,1,,S. Stehn,Surface layer burn severity,Surface layer code at point where duff plug is taken,Sample Location,,True,
DENA-HQ-TX-13,6/21/2023 12:55:47 PM,1,1,1,False,1,5,3,5,3,0,17,Default,,,HYLSPL,0m,,,,,,,,,
DENA-HQ-TX-13,6/21/2023 12:55:47 PM,2,1,2,False,2,4,3,4,3,0,16,Default,,,HYLSPL,16m,,,,,,,,,
DENA-A274-F8,7/22/2016 2:19:59 PM,,,,,,,,,,,,,,,,,1,Winter West; Esther Babcock; Rachel Loehman,J. Hrobak,Surface layer burn severity,Surface layer code at point where duff plug is taken,,,True,
DENA-A274-F8,7/22/2016 2:19:59 PM,-2147483648,1,1,False,0.2,1,,20,,3.5,24.5,Default,Lichen was patchy. Upper duff is 20+ cm because sampled in SM.,,SM,,,,,,,,,,
DENA-A274-F8,7/22/2016 2:19:59 PM,-2147483647,1,2,False,0.2,1,,20,,0.2,21,Default,Upper duff is 20+ cm because sampled in SM.,,SM,,,,,,,,,,
DENA-A274-F8,7/22/2016 2:19:59 PM,-2147483646,1,3,False,1,,,20,,0.2,21,Default,Upper duff is 20+ cm because sampled in SM.,Scorched,SM,,,,,,,,,,
A148-90-324,7/14/2005 2:20:56 PM,,,,,,,,,,,,,,,,,1,Stirehford; Ostmann,J. Hrobak,Surface layer burn severity,Surface layer code at point where duff plug is taken ,Sample Location,,True,
A148-90-324,7/14/2005 2:20:56 PM,-2147483648,1,1,False,3,0,4,6,5,0,18,Default,,,,0m,,,,,,,,,
A148-90-324,7/14/2005 2:20:56 PM,-2147483647,1,2,False,2,0,0,4,6,2,14,Default,,,,30m,,,,,,,,,
127-A001,6/14/2005 2:35:37 PM,,,,,,,,,,,,,,,,,1,D. Ostmann & C. Reynar,J. Northway,Surface layer burn severity,Surface layer code at point where duff plug was taken,,,True,
127-A001,6/14/2005 2:35:37 PM,-2147483648,1,1,False,0.5,1,1,6.5,7.5,0,,Default,,,,,,,,,,,,,
127-A001,6/14/2005 2:35:37 PM,-2147483647,1,2,False,0,3,4,5.5,9.5,0,,Default,,,,,,,,,,,,,
127-A001,6/27/2013 2:46:13 PM,,,,,,,,,,,,,,,,,1,J. Barnes,J. Northway,Surface layer burn severity,Surface layer code at point where duff plug was taken,,,True,
127-A001,6/27/2013 2:46:13 PM,-2147483648,1,1,False,1.5,,,12,8,,21.5,Default,Frozen at LD layer,,,,,,,,,,,,
127-A001,6/27/2013 2:46:13 PM,-2147483647,1,2,False,,3,5,21,,,29,Default,Frozen at UD layer,,Sphag,,,,,,,,,,
DENA-TLS-21,8/3/2022 1:40:03 PM,,,,,,,,,,,,,,,,,1,Tessa Schaub; Matthew Behrens,Tessa Schaub,Surface layer burn severity,Surface layer code at point where duff plug is taken ,Sample Location,,True,
DENA-TLS-21,8/3/2022 1:40:03 PM,-2147483648,1,1,False,0,2,3,10,2,2,19,Default,,,Duff,,,,,,,,,,
DENA-TLS-21,8/3/2022 1:40:03 PM,-2147483647,1,2,False,0,5,12,5,25,0,47,Default,,,duff,,,,,,,,,,
A417-02-663,7/13/2005 10:02:39 AM,,,,,,,,,,,,,,,,,1,Olson; Reynar; Ostmann,J. Hrobak,Surface layer burn severity,Surface layer code at point where duff plug is taken ,Sample Location,,True,
A417-02-663,7/13/2005 10:02:39 AM,-2147483648,1,1,False,0,1,0,0,2,0,3,Default,,,,0m,,,,,,,,,
A417-02-663,7/13/2005 10:02:39 AM,-2147483647,1,2,False,0,1,0,0,1,0,2,Default,,,,30m,,,,,,,,,
A255-90-323,7/14/2005 3:21:54 PM,,,,,,,,,,,,,,,,,1,Parker; Olson,J. Hrobak,Surface layer burn severity,Surface layer code at point where duff plug is taken ,Sample Location,,True,
A255-90-323,7/14/2005 3:21:54 PM,-2147483648,1,1,False,1,1,8,7,5,0,22,Default,,,,0m,,,,,,,,,
A255-90-323,7/14/2005 3:21:54 PM,-2147483647,1,2,False,0,1,2.5,9.5,6,1,20,Default,,,,30m,,,,,,,,,
DENA-HZF-Z2-14,6/13/2003 9:12:53 AM,,,,,,,,,,,,,,,,,1,,,,,,,True,
DENA-HZF-Z2-14,6/13/2003 9:12:53 AM,-2147483648,1,0,False,6,0,3,4,5,,18,Default,,,,,,,,,,,,,
DENA-HZF-Z2-14,6/13/2003 9:12:53 AM,-2147483647,1,16,False,3,,,2,18,,23,Default,,,,,,,,,,,,,
DENA-HZF-Z2-14,6/14/2005 4:32:56 PM,,,,,,,,,,,,,,,,,1,,,,,,,True,
DENA-HZF-Z2-14,6/14/2005 4:32:56 PM,-2147483648,1,0,False,3,,,8,11,,21,Default,,,,,,,,,,,,,
DENA-HZF-Z2-14,6/14/2005 4:32:56 PM,-2147483647,1,16,False,4,,,6,20,,30,Default,,,,,,,,,,,,,
DENA-HZF-Z2-14,7/24/2009 2:19:15 PM,,,,,,,,,,,,,,,,,1,J Mitchell; C Campanelli; B McCreary; H Bradshaw; M Llanes,J OConnor,Surface layer burn severity,Surface layer code at point where duff plug is taken,Sample Location,,True,
DENA-HZF-Z2-14,7/24/2009 2:19:15 PM,-2147483648,1,1,False,,,,,9,,9,Default,,,,0m,,,,,,,,,
DENA-HZF-Z2-14,7/24/2009 2:19:15 PM,-2147483647,1,2,False,,,,,,,0,Default,bare ground,,,16m,,,,,,,,,
DENA-HZF-Z2-14,9/2/2021 7:23:19 PM,,,,,,,,,,,,,,,,,1,J Barnes; V Belser,J OConnor,Surface layer burn severity,Surface layer code at point where duff plug is taken,Sample Location,,True,
DENA-HZF-Z2-14,9/2/2021 7:23:19 PM,-2147483648,1,1,False,2,,,6,1,,9,Default,,,LTRNDL/CONE,0m,,,,,,,,,
DENA-HZF-Z2-14,9/2/2021 7:23:19 PM,-2147483647,1,2,False,2,3,1,8,2,,16,Default,,,HYSP,16m,,,,,,,,,
DENA-TLS-27,6/21/2022 12:21:02 PM,,,,,,,,,,,,,,,,,1,J. Barnes; T. Schaub; M. Behrens,T. Schaub,Surface layer burn severity,Surface layer code at point where duff plug is taken ,Sample Location,,True,
DENA-TLS-27,6/21/2022 12:21:02 PM,-2147483648,1,1,False,0,4,5,11,6,0,26,Default,,,,,,,,,,,,,
DENA-TLS-27,6/21/2022 12:21:02 PM,-2147483647,1,2,False,0,3,4,7,6,0,20,Default,,,,,,,,,,,,,
A223-86-227,7/15/2005 8:34:35 AM,,,,,,,,,,,,,,,,,1,Stinchfield/Parker,J. Hrobak,Surface layer burn severity,Surface layer code at point where duff plug is taken ,Sample Location,,True,
A223-86-227,7/15/2005 8:34:35 AM,-2147483648,1,1,False,2,2,3,12,9,0,28,Default,,,,0m,,,,,,,,,
A223-86-227,7/15/2005 8:34:35 AM,-2147483647,1,2,False,1,0,0,9,7,2.5,18.5,Default,,,,30m,,,,,,,,,
127-B001,6/14/2005 3:59:45 PM,,,,,,,,,,,,,,,,,1,D Ostmann & C Reynar,J Northway,Surface layer burn severity,Surface layer code at point where duff plug was taken,,,True,
127-B001,6/14/2005 3:59:45 PM,-2147483648,1,1,False,4,0,6,5,11,0,,Default,,,,,,,,,,,,,
127-B001,6/14/2005 3:59:45 PM,-2147483647,1,2,False,0,2.5,4.5,6,4,0,,Default,,,,,,,,,,,,,
127-B001,6/27/2013 4:31:55 PM,,,,,,,,,,,,,,,,,1,J. Barnes,J. Northway,Surface layer burn severity,Surface layer code at point where duff plug was taken,,,True,
127-B001,6/27/2013 4:31:55 PM,-2147483648,1,1,False,,1,,19,,,20,Default,LD frozen,,LM,,,,,,,,,,
127-B001,6/27/2013 4:31:55 PM,-2147483647,1,2,False,,2,,4,18,,24,Default,Water at 11cm below surface,,LM,,,,,,,,,,
NOAT-ROK-B07,6/24/2011 1:59:20 PM,,,,,,,,,,,,,,,,,1,,,,,,,True,
NOAT-ROK-B07,6/24/2011 1:59:20 PM,-2147483648,1,1,False,,2,3,6,6,,17,Default,scorched SPHAG; frozen below lower duff; plug did not extend to mineral soil,burned- scorched,DM,,,,,,,,,,
A255-90-320,7/14/2005 2:36:12 PM,,,,,,,,,,,,,,,,,1,Parker; Olson,J. Hrobak,Surface layer burn severity,Surface layer code at point where duff plug is taken ,Sample Location,,True,
A255-90-320,7/14/2005 2:36:12 PM,-2147483648,1,1,False,3,0,1,12,8,0,24,Default,,,,0m,,,,,,,,,
A255-90-320,7/14/2005 2:36:12 PM,-2147483647,1,2,False,0,0,4,7,8,1,20,Default,,,,30m,,,,,,,,,
DENA-HQ-TX-15,6/22/2021 4:59:47 PM,,,,,,,,,,,,,,,,,1,J Hroback; M Neuser,J OConnor,Surface layer burn severity,Surface layer code at point where duff plug is taken,Sample Location,,True,
DENA-HQ-TX-15,6/22/2021 4:59:47 PM,-2147483648,1,1,False,0.25,2,2,5,2,,11.25,Default,,,HYSP,0m,,,,,,,,,
DENA-HQ-TX-15,6/22/2021 4:59:47 PM,-2147483647,1,2,False,0.2,0.3,0.5,1,3,,5,Default,,,HYSP,16m,,,,,,,,,
DENA-HQ-TX-15,6/28/2023 2:34:59 PM,,,,,,,,,,,,,,,,,1,,S. Stehn,Surface layer burn severity,Surface layer code at point where duff plug is taken,Sample Location,,True,
DENA-HQ-TX-15,6/28/2023 2:34:59 PM,1,1,1,False,0,3.2,1.5,2,3.2,0,9.9,Default,,,,0m,,,,,,,,,
DENA-HQ-TX-15,6/28/2023 2:34:59 PM,2,1,2,False,0,2,0.9,2.5,3.7,0,9.1,Default,,,,16m,,,,,,,,,
DENA-HZF-Z3-26,7/6/2003 5:58:01 PM,,,,,,,,,,,,,,,,,1,,,,,,,True,
DENA-HZF-Z3-26,7/6/2003 5:58:01 PM,-2147483648,1,0,False,1,7,4,90,13,,34,Default,,,,,,,,,,,,,
DENA-HZF-Z3-26,7/6/2003 5:58:01 PM,-2147483647,1,16,False,1,2,5,3,11,,22,Default,,,,,,,,,,,,,
DENA-HZF-Z3-26,6/14/2005 3:47:36 PM,,,,,,,,,,,,,,,,,1,,,,,,,True,
DENA-HZF-Z3-26,6/14/2005 3:47:36 PM,-2147483648,1,0,False,1,1.5,3.5,14,8,,28,Default,,,,,,,,,,,,,
DENA-HZF-Z3-26,6/14/2005 3:47:36 PM,-2147483647,1,16,False,2,1,1.5,3.5,40,,48,Default,,,,,,,,,,,,,
DENA-HZF-Z3-26,7/22/2009 5:03:17 PM,,,,,,,,,,,,,,,,,1,R Wilson; M Llanes,J Mitchell,Suface layer burn severity,Surface layer code at point where duff plug is taken,Sample Location,,True,
DENA-HZF-Z3-26,7/22/2009 5:03:17 PM,-2147483648,1,1,False,,,,,38,,38,Default,to permafrost,,,0m,,,,,,,,,
DENA-HZF-Z3-26,7/22/2009 5:03:17 PM,-2147483647,1,2,False,,,,,35,,35,Default,to permafrost,,,16m,,,,,,,,,
DENA-HZF-Z3-26,8/13/2021 6:35:20 PM,,,,,,,,,,,,,,,,,1,M Neuser; R Nessle; W Gautsch,J OConnor,Surface layer burn severity,Surface layer code at point where duff plug is taken,Sample Location,,True,
DENA-HZF-Z3-26,8/13/2021 6:35:20 PM,-2147483648,1,1,False,,2,6.5,6.5,12,,27,Default,,,PLSC,0m,,,,,,,,,
DENA-HZF-Z3-26,8/13/2021 6:35:20 PM,-2147483647,1,2,False,,1,2,6,11,,20,Default,,,HYSP,16m,,,,,,,,,
DENA-TLS-38,7/11/2022 12:13:21 PM,,,,,,,,,,,,,,,,,1,M Behrens; T Schaub,M Behrens,Surface layer burn severity,Surface layer code at point where duff plug is taken ,Sample Location,,True,
DENA-TLS-38,7/11/2022 12:13:21 PM,-2147483648,1,1,False,2,6,13,4,3,0,28,Default,,0M,DUFF,,,,,,,,,,
DENA-TLS-38,7/11/2022 12:13:21 PM,-2147483647,1,2,False,0,5,7,5,1,3,21,Default,,16M,DUFF,,,,,,,,,,
DENA-TLS-26,6/22/2022 1:52:29 PM,,,,,,,,,,,,,,,,,1,J Barnes,T. Schaub,Surface layer burn severity,Surface layer code at point where duff plug is taken ,Sample Location,,True,
DENA-TLS-26,6/22/2022 1:52:29 PM,-2147483648,1,1,False,3,0,0,8,0,0,11,Default,,,,,,,,,,,,,
DENA-TLS-26,6/22/2022 1:52:29 PM,-2147483647,1,2,False,0,4,3,7,4,0,18,Default,,,,,,,,,,,,,
DENA-TLS-22,6/24/2022 3:39:43 PM,,,,,,,,,,,,,,,,,1,J. Barnes; T. Schaub; M. Behrens,T. Schaub,Surface layer burn severity,Surface layer code at point where duff plug is taken ,Sample Location,,True,
DENA-TLS-22,6/24/2022 3:39:43 PM,-2147483648,1,1,False,0,9,5,5,4,0,23,Default,,,,,,,,,,,,,
DENA-TLS-22,6/24/2022 3:39:43 PM,-2147483647,1,2,False,0,4,4,8,9,0,25,Default,,,,,,,,,,,,,
DENA-A274-G4,8/16/2016 9:56:09 AM,,,,,,,,,,,,,,,,,1,Rachel Loehman,J. Hrobak,Surface layer burn severity,Surface layer code at point where duff plug is taken,,,True,
DENA-A274-G4,8/16/2016 9:56:09 AM,-2147483648,1,1,False,0.5,,0.2,12,14,1,27.5,Default,,,,,,,,,,,,,
DENA-A274-G4,8/16/2016 9:56:09 AM,-2147483647,1,2,False,,0.2,2,10,7,2,22,Default,,,,,,,,,,,,,
DENA-A274-G4,8/16/2016 9:56:09 AM,-2147483646,1,3,False,,0.5,1,11,,,12,Default,Hit mineral soil.,,,,,,,,,,,,
B664-91-494,7/18/2005 1:03:05 PM,,,,,,,,,,,,,,,,,1,Parker,J. Hrobak,Surface layer burn severity,Surface layer code at point where duff plug is taken ,Sample Location,,True,
B664-91-494,7/18/2005 1:03:05 PM,-2147483648,1,1,False,0,1,2,21,2,0,26,Default,,,,0m,,,,,,,,,
B664-91-494,7/18/2005 1:03:05 PM,-2147483647,1,2,False,0,1,2,26,0,0,29,Default,,,,30m,,,,,,,,,
DENA-A274-H6,8/17/2016 1:53:56 PM,,,,,,,,,,,,,,,,,1,Rachel Loehman,J. Hrobak,Surface layer burn severity,Surface layer code at point where duff plug is taken,,,True,
DENA-A274-H6,8/17/2016 1:53:56 PM,-2147483648,1,1,False,,,,,1.5,0.2,1.7,Default,Ash layer below LD.,,,,,,,,,,,,
DENA-A274-H6,8/17/2016 1:53:56 PM,-2147483647,1,2,False,0.2,0.25,,,2.5,,3.45,Default,Mineral soil below LD.,,,,,,,,,,,,
DENA-A274-H6,8/17/2016 1:53:56 PM,-2147483646,1,3,False,0.2,0.2,0.2,,2,,2.6,Default,Mineral soil below LD.,,,,,,,,,,,,
DENA-A274-G2,8/16/2016 1:58:54 PM,,,,,,,,,,,,,,,,,1,Rachel Loehman,J. Hrobak,Surface layer burn severity,Surface layer code at point where duff plug is taken,,,True,
DENA-A274-G2,8/16/2016 1:58:54 PM,-2147483648,1,1,False,0.5,0.2,7,6,2,1,16.5,Default,,,,,,,,,,,,,
DENA-A274-G2,8/16/2016 1:58:54 PM,-2147483647,1,2,False,,6,3,7,4,,20,Default,LD is 4+ cm; hit PF.,,,,,,,,,,,,
DENA-A274-G2,8/16/2016 1:58:54 PM,-2147483646,1,3,False,,2,,8,7,2,19,Default,LD is 7+ cm; hit PF.,,,,,,,,,,,,
127-B002,6/15/2005 12:44:07 PM,,,,,,,,,,,,,,,,,1,D. Ostmann & C. Reynar,J. Northway,Surface layer burn severity,Surface layer code at point where duff plug was taken,,,True,
127-B002,6/15/2005 12:44:07 PM,-2147483648,1,1,False,0.1,3,4,5,11,0,,Default,,,,,,,,,,,,,
127-B002,6/15/2005 12:44:07 PM,-2147483647,1,2,False,0.1,0,0,0,0,0,,Default,Soil below litter layer (15cm to permafrost),,,,,,,,,,,,
NOAT-SID-G05,6/24/2011 8:57:22 AM,,,,,,,,,,,,,,,,,1,,,,,,,True,
NOAT-SID-G05,6/24/2011 8:57:22 AM,-2147483648,1,1,False,,,,,,,,Default,no data collected,,,,,,,,,,,,
DENA-HQ-TX-07,6/23/2021 2:20:41 PM,,,,,,,,,,,,,,,,,1,Jennifer Hrobak; McKinley Neuser,J OConnor,Surface layer burn severity,Surface layer code at point where duff plug is taken,Sample Location,,True,
DENA-HQ-TX-07,6/23/2021 2:20:41 PM,-2147483648,1,1,False,,3.5,2,12,14,,31.5,Default,,,HYSP,0m,,,,,,,,,
DENA-HQ-TX-07,6/23/2021 2:20:41 PM,-2147483647,1,2,False,,3,2,14,13,,32,Default,,,HYSP,16m,,,,,,,,,
DENA-HQ-TX-07,6/26/2023 12:07:04 PM,,,,,,,,,,,,,,,,,1,,S. Stehn,Surface layer burn severity,Surface layer code at point where duff plug is taken,Sample Location,,True,
DENA-HQ-TX-07,6/26/2023 12:07:04 PM,1,1,1,False,1,4,4,4,2,0,15,Default,,,HYLSPL,0m,,,,,,,,,
DENA-HQ-TX-07,6/26/2023 12:07:04 PM,2,1,2,False,1,6,7,7,6,0,27,Default,,,HYLSPL,16m,,,,,,,,,
A255-90-296,7/14/2005 1:43:06 PM,,,,,,,,,,,,,,,,,1,Parker; Olson,J. Hrobak,Surface layer burn severity,Surface layer code at point where duff plug is taken ,Sample Location,,True,
A255-90-296,7/14/2005 1:43:06 PM,-2147483648,1,1,False,2,0,0,0,0,0,2,Default,,,,0m,,,,,,,,,
A255-90-296,7/14/2005 1:43:06 PM,-2147483647,1,2,False,3,0,0,0,,0,,Default,Lower duff was noted as very deep (infinite). Was not measured. ,,GRASS,30m,,,,,,,,,
DENA-HZF-C-04RL,7/23/2009 1:43:12 AM,,,,,,,,,,,,,,,,,1,J Mitchell; R Wilson; M Llanes; C Campanelli; H Bradshaw,J OConnor,Surface layer burn severity,Surface layer code at point where duff plug is taken,Sample Location,,True,
DENA-HZF-C-04RL,7/23/2009 1:43:12 AM,-2147483648,1,1,False,,,,,10,,10,Default,to sand,,,0m,,,,,,,,,
DENA-HZF-C-04RL,7/23/2009 1:43:12 AM,-2147483647,1,2,False,,,,,10,,10,Default,to sand,,,16m,,,,,,,,,
DENA-HZF-C-04RL,8/12/2021 1:39:37 PM,,,,,,,,,,,,,,,,,1,M. Neuser; W. Gautsh,J. Hrobak,Surface layer burn severity,Surface layer code at point where duff plug is taken  ,Sample Location,,True,
DENA-HZF-C-04RL,8/12/2021 1:39:37 PM,-2147483648,1,1,False,,1.5,5,6,3,,15.5,Default,Sampled to MIN.,,PLSC,,,,,,,,,,
DENA-HZF-C-04RL,8/12/2021 1:39:37 PM,-2147483647,1,2,False,,2,5,5,12,,24,Default,Sampled to MIN.,,HYSP,,,,,,,,,,
DENA-A274-F9,7/22/2016 12:43:09 PM,,,,,,,,,,,,,,,,,1,Rachel Loehman; Esther Babcock,J. Hrobak,Surface layer burn severity,Surface layer code at point where duff plug is taken,,,True,
DENA-A274-F9,7/22/2016 12:43:09 PM,-2147483648,1,1,False,1,0.2,0.2,6,12,0.2,19,Default,Near 0M,,,,,,,,,,,,
DENA-A274-F9,7/22/2016 12:43:09 PM,-2147483647,1,2,False,0.2,0.2,,22,,,22,Default,Depth is 22+ cm . Did not reach lower duff. In tussock. Near 15M.,,,,,,,,,,,,
DENA-A274-F9,7/22/2016 12:43:09 PM,-2147483646,1,3,False,0.2,0.2,,22,,,22,Default,Depth is 22+ cm. Did not reach lower duff,,,,,,,,,,,,
NOAT-NAN-F03,6/23/2011 8:20:27 AM,,,,,,,,,,,,,,,,,1,,,,,,,True,
NOAT-NAN-F03,6/23/2011 8:20:27 AM,-2147483648,1,1,False,,,,,,,,Default,no duff plug collected,,,,,,,,,,,,
NOAT-TUT-D04,6/25/2011 8:06:06 PM,,,,,,,,,,,,,,,,,1,,,,,,,True,
NOAT-TUT-D04,6/25/2011 8:06:06 PM,-2147483648,1,1,False,0,0,0.5,9.5,9,0,19,Default,unburned surface layer code likely feathermoss; still 4 cm of lower duff to ice,burned- mod/high severity,DM,,,,,,,,,,
DENA-TLS-36,7/1/2022 1:09:39 PM,,,,,,,,,,,,,,,,,1,M Behrens T Schaub R brand,M behrens,Surface layer burn severity,Surface layer code at point where duff plug is taken ,Sample Location,,True,
DENA-TLS-36,7/1/2022 1:09:39 PM,-2147483648,1,1,False,0,7,14,6,4,0,31,Default,,,DUFF,0M,,,,,,,,,
DENA-TLS-36,7/1/2022 1:09:39 PM,-2147483647,1,2,False,0,3,7,6,4,0,20,Default,,,DUFF,16M,,,,,,,,,
DENA-A274-F12,7/22/2016 3:48:31 PM,,,,,,,,,,,,,,,,,1,Rachel Loehman; Esther Babcock,J. Hrobak,,,,,True,
DENA-A274-F12,7/22/2016 3:48:31 PM,-2147483648,1,1,False,,,,,,,,Default,Samples not collected. Estimated from soil cores. Duff depth = 45 cm. 2.5 cm mineral soil; then permafrost.,,,,,,,,,,,,
A148-90-317,7/8/2005 4:17:50 PM,,,,,,,,,,,,,,,,,1,DO,J. Hrobak,Surface layer burn severity,Surface layer code at point where duff plug is taken ,Sample Location,,True,
A148-90-317,7/8/2005 4:17:50 PM,-2147483648,1,1,False,0,2,1.5,2,5,0,10.5,Default,,,,0m,,,,,,,,,
A148-90-317,7/8/2005 4:17:50 PM,-2147483647,1,2,False,0,1.5,1,1,4,0,7.5,Default,,,,30m,,,,,,,,,
DENA-HZF-C-02RL,7/23/2009 1:31:23 AM,,,,,,,,,,,,,,,,,1,J Mitchell; R Wilson; M Llanes; C Campanelli; H Bradshaw,J OConnor,Surface layer burn severity,Surface layer code at point where duff plug is taken,Sample Location,,True,
DENA-HZF-C-02RL,7/23/2009 1:31:23 AM,-2147483648,1,1,False,,3,2.5,,8,,13.5,Default,mineral soil,,,0m,,,,,,,,,
DENA-HZF-C-02RL,7/23/2009 1:31:23 AM,-2147483647,1,2,False,1,,,,16.5,,17.5,Default,rock,,,16m,,,,,,,,,
DENA-HZF-C-02RL,7/14/2021 5:59:28 PM,,,,,,,,,,,,,,,,,1,J. O'Connor,J. Hrobak,Surface layer burn severity,Surface layer code at point where duff plug is taken ,Sample Location,,True,
DENA-HZF-C-02RL,7/14/2021 5:59:28 PM,-2147483648,1,1,False,0,3,3,6,3,0,15,Default,,,,,,,,,,,,,
A303-00-1376,7/19/2005 9:37:23 AM,,,,,,,,,,,,,,,,,1,RD,J. Hrobak,Surface layer burn severity,Surface layer code at point where duff plug is taken ,Sample Location,,True,
A303-00-1376,7/19/2005 9:37:23 AM,-2147483648,1,1,False,0,1,3,12,4,0,20,Default,,,,0m,,,,,,,,,
A303-00-1376,7/19/2005 9:37:23 AM,-2147483647,1,2,False,1,2,3,6,5,0,17,Default,,,,30m,,,,,,,,,
A288-00-1358,7/18/2005 12:54:27 PM,,,,,,,,,,,,,,,,,1,Parker,J. Hrobak,Surface layer burn severity,Surface layer code at point where duff plug is taken ,Sample Location,,True,
A288-00-1358,7/18/2005 12:54:27 PM,-2147483648,1,1,False,0,0,1,20,0,2,23,Default,,,,0m,,,,,,,,,
A288-00-1358,7/18/2005 12:54:27 PM,-2147483647,1,2,False,0,0,3,7,7,10,27,Default,,,,30m,,,,,,,,,
DENA-HZF-C-16,7/25/2009 5:42:25 PM,,,,,,,,,,,,,,,,,1,J Mitchell; M Llanes; C Campanelli; H Bradshaw; R Wilson; B McCreary,J OConnor,Surface layer burn severity,Surface layer code at point where duff plug is taken ,Sample Location,,True,
DENA-HZF-C-16,7/25/2009 5:42:25 PM,-2147483648,1,1,False,,,,,13,,13,Default,To permafrost,,,0m,,,,,,,,,
DENA-HZF-C-16,7/25/2009 5:42:25 PM,-2147483647,1,2,False,,,,,23,,23,Default,To permafrost,,,16m,,,,,,,,,
DENA-HZF-C-16,8/11/2021 3:26:33 PM,,,,,,,,,,,,,,,,,1,J Barnes,J OConnor,Surface layer burn severity,Surface layer code at point where duff plug is taken,Sample Location,,True,
DENA-HZF-C-16,8/11/2021 3:26:33 PM,-2147483648,1,1,False,,3,3,10,8,,24,Default,,,HYSP/PLSC,,,,,,,,,,
DENA-HZF-C-16,8/11/2021 3:26:33 PM,-2147483647,1,2,False,,4,5,8,7,,24,Default,,,PLSC,,,,,,,,,,
A391-90-50,7/6/2005 2:00:52 PM,,,,,,,,,,,,,,,,,1,Stinchfield; Parker; Allen,J. Hrobak,Surface layer burn severity,Surface layer code at point where duff plug is taken ,Sample Location,,True,
A391-90-50,7/6/2005 2:00:52 PM,-2147483648,1,1,False,0,5.5,6,12,6.5,2,32,Default,,0m,,,,,,,,,,,
A391-90-50,7/6/2005 2:00:52 PM,-2147483647,1,2,False,0,4,3.5,21.5,29,0,58,Default,,30m,,,,,,,,,,,
A391-90-50,7/27/2011 3:45:05 PM,,,,,,,,,,,,,,,,,1,,,,,,,True,
A391-90-50,7/27/2011 3:45:05 PM,-2147483648,1,6,True,1,1,12,,,0,14,Default,Dead moss extends beyond pit depth; total duff depth not known.  Live moss is POST; dead moss is SPHAG,POST,,,,,,,,,,,
A391-90-50,7/27/2011 3:45:05 PM,-2147483647,1,18,True,1,1,12,,,0,14,Default,Dead moss extends beyond pit depth; total duff depth not known.  Live moss is POST; dead moss is SPHAG,POST,,,,,,,,,,,
DENA-TLS-35,7/11/2022 11:28:43 AM,,,,,,,,,,,,,,,,,1,M Behrens T schaub,M Behrens,Surface layer burn severity,Surface layer code at point where duff plug is taken ,Sample Location,,True,
DENA-TLS-35,7/11/2022 11:28:43 AM,-2147483648,1,1,False,0,5,28,2,4,0,39,Default,,,DUFF,0M,,,,,,,,,
DENA-TLS-35,7/11/2022 11:28:43 AM,-2147483647,1,2,False,0,6,6,8,8,0,28,Default,,,DUFF,16M,,,,,,,,,
B288-01-1106,7/7/2005 9:09:26 AM,,,,,,,,,,,,,,,,,1,,J. Hrobak,Surface layer burn severity,Surface layer code at point where duff plug is taken ,Sample Location,,True,
B288-01-1106,7/7/2005 9:09:26 AM,-2147483648,1,1,False,1,0,0,5,6,0,12,Default,,,,0m,,,,,,,,,
B288-01-1106,7/7/2005 9:09:26 AM,-2147483647,1,2,False,1,0,8,4,5,0,18,Default,,,,30m,,,,,,,,,
A391-90-47,7/6/2005 2:46:43 PM,,,,,,,,,,,,,,,,,1,Parker,J. Hrobak,Surface layer burn severity,Surface layer code at point where duff plug is taken ,Sample Location,,True,
A391-90-47,7/6/2005 2:46:43 PM,-2147483648,1,1,False,0,1,2,3,2,0,8,Default,,,,0m,,,,,,,,,
A391-90-47,7/6/2005 2:46:43 PM,-2147483647,1,2,False,3,1,2,6,7,0,19,Default,,,,30m,,,,,,,,,
A391-90-47,7/27/2011 10:16:46 AM,,,,,,,,,,,,,,,,,1,,,,,,,True,
A391-90-47,7/27/2011 10:16:46 AM,-2147483648,1,0,False,3,0,0,4,4,0,11,Default,lower duff extends from 4 cm down. Total duff depth not recorded; pit not as deep as duff layer,,,,,,,,,,,,
A391-90-47,7/27/2011 10:16:46 AM,-2147483647,1,30,False,4,0,0,10,,0,14,Default,lower duff extends from 14 cm down. total duff depth not recorded; pit not as deep as duff layer,,,,,,,,,,,,
NOAT-NAV-H03,6/22/2011 7:59:12 AM,,,,,,,,,,,,,,,,,1,,,,,,,True,
NOAT-NAV-H03,6/22/2011 7:59:12 AM,-2147483648,1,0,False,0,0,3.5,3,0,0,6.5,Default,orange mineral soil from 6.5-8.5 cm ,burned- mod-high severity,DM,,,,,,,,,,
NOAT-Racine-NOAT3,7/27/2017 12:05:18 PM,,,,,,,,,,,,,,,,,1,J. Barnes; J. Hrobak; D. Swanson,J. Hrobak,Surface layer burn severity,Surface layer code at point where duff plug is taken,Sample Location,,True,
NOAT-Racine-NOAT3,7/27/2017 12:05:18 PM,-2147483648,1,1,False,0,2,4,2,15,0,23,Default,Possible charcoal at 4 cm into LD. Sampled to Soil.,,HYSP,BSW Corner,,,,,,,,,
NOAT-Racine-NOAT3,7/27/2017 12:05:18 PM,-2147483647,1,2,False,0,1,4,3,30,0,38,Default,Charcoal at 5 cm into LD. Sampled to Ice.,,MOSS,ANW Corner,,,,,,,,,
NOAT-Racine-NOAT3,7/27/2017 12:05:18 PM,-2147483646,1,3,False,0,2,3,6,7,0,18,Default,Charcoal at 2 cm into UD. Sampled to Soil.,,AULA,ANE Corner,,,,,,,,,
127-B003,6/15/2005 12:04:27 PM,,,,,,,,,,,,,,,,,1,D. Ostmann & C. Reynar,J. Northway,Surface layer burn severity,Surface layer code at point where duff plug was taken,,,True,
127-B003,6/15/2005 12:04:27 PM,-2147483648,1,1,False,0,2,2.5,2,5,0,,Default,,,,,,,,,,,,,
127-B003,6/15/2005 12:04:27 PM,-2147483647,1,2,False,0.5,0,0,2,1,0,,Default,,,,,,,,,,,,,
DENA-TLS-19,8/4/2022 5:05:10 PM,,,,,,,,,,,,,,,,,1,M. Behrens; T. Schaub,M. Behrens,Surface layer burn severity,Surface layer code at point where duff plug is taken ,Sample Location,,True,
DENA-TLS-19,8/4/2022 5:05:10 PM,-2147483648,1,1,False,0,4,4,2,1,0,11,Default,,,DUFF,0M,,,,,,,,,
DENA-TLS-19,8/4/2022 5:05:10 PM,-2147483647,1,2,False,0,4,4,3,3,0,14,Default,,,DUFF,16M,,,,,,,,,
NOAT-TUT-C04,6/25/2011 10:48:35 AM,,,,,,,,,,,,,,,,,1,,,,,,,True,
NOAT-TUT-C04,6/25/2011 10:48:35 AM,-2147483648,1,1,False,0,0,1,9,6,0,16,Default,charred sphagnum and aulacomium,burned- charred; low severity,DM,,,,,,,,,,
A288-00-1359,7/18/2005 9:31:36 AM,,,,,,,,,,,,,,,,,1,Parker,J. Hrobak,Surface layer burn severity,Surface layer code at point where duff plug is taken ,Sample Location,,True,
A288-00-1359,7/18/2005 9:31:36 AM,-2147483648,1,1,False,0,2,5,9,6,0,22,Default,,,,0m,,,,,,,,,
A288-00-1359,7/18/2005 9:31:36 AM,-2147483647,1,2,False,0,0,2,5,8,0,15,Default,Top 5 cm of live moss & dead moss was consumed. ,,,30m,,,,,,,,,
NOAT-SID-G02,6/24/2011 8:36:03 PM,,,,,,,,,,,,,,,,,1,,,,,,,True,
NOAT-SID-G02,6/24/2011 8:36:03 PM,-2147483648,1,1,False,,,,,,,,Default,no data collected,,,,,,,,,,,,
A303-00-1372,7/19/2005 12:54:42 PM,,,,,,,,,,,,,,,,,1,Stinchfield; Olson,J. Hrobak,Surface layer burn severity,Surface layer code at point where duff plug is taken ,Sample Location,,True,
A303-00-1372,7/19/2005 12:54:42 PM,-2147483648,1,1,False,0,1,0,0,8,0,9,Default,,,,0m,,,,,,,,,
A303-00-1372,7/19/2005 12:54:42 PM,-2147483647,1,2,False,0,1,0,0,14,0,15,Default,,,,30m,,,,,,,,,
DENA-TLS-31,6/27/2022 1:48:28 PM,,,,,,,,,,,,,,,,,1,M. Behrens; T. Schaub; R. Brand,M. Behrens,Surface layer burn severity,Surface layer code at point where duff plug is taken ,Sample Location,,True,
DENA-TLS-31,6/27/2022 1:48:28 PM,-2147483648,1,1,False,0.5,2.5,3,5.5,14,0,25.5,Default,,16M,DUFF,,,,,,,,,,
DENA-TLS-31,6/27/2022 1:48:28 PM,-2147483647,1,2,False,0.5,3,3,2,11.5,0,20,Default,,0M,DUFF,,,,,,,,,,
A223-86-235,7/8/2005 8:35:19 AM,,,,,,,,,,,,,,,,,1,Stinchfield; Olson,J. Hrobak,Surface layer burn severity,Surface layer code at point where duff plug is taken ,Sample Location,,True,
A223-86-235,7/8/2005 8:35:19 AM,-2147483648,1,1,False,1,5,6,5,3,0,20,Default,,,,0m,,,,,,,,,
A223-86-235,7/8/2005 8:35:19 AM,-2147483647,1,2,False,1,1,1,4,2,0,9,Default,,,,30m,,,,,,,,,
A148-90-297,7/8/2005 3:22:02 PM,,,,,,,,,,,,,,,,,1,Reynar,J. Hrobak,Surface layer burn severity,Surface layer code at point where duff plug is taken ,Sample Location,,True,
A148-90-297,7/8/2005 3:22:02 PM,-2147483648,1,1,False,0,5.5,,3.5,4,0,13,Default,Mineral Soil below lower duff.,,POJU,0m,,,,,,,,,
A148-90-297,7/8/2005 3:22:02 PM,-2147483647,1,2,False,0.1,0,0,10,2.5,0,12.5,Default,,,,30m,,,,,,,,,
B288-01-1098,7/7/2005 8:19:51 AM,,,,,,,,,,,,,,,,,1,Olson,J. Hrobak,Surface layer burn severity,Surface layer code at point where duff plug is taken ,Sample Location,,True,
B288-01-1098,7/7/2005 8:19:51 AM,-2147483648,1,1,False,1,0,0,7,10,0,18,Default,,,,0m,,,,,,,,,
B288-01-1098,7/7/2005 8:19:51 AM,-2147483647,1,2,False,1,0,0,5,11,0,17,Default,,,,30m,,,,,,,,,
DENA-HQ-TX-14,6/22/2021 3:05:05 PM,,,,,,,,,,,,,,,,,1,J Hrobak; M Neuser,J OConnor,Surface layer burn severity,Surface layer code at point where duff plug is taken,Sample Location,,True,
DENA-HQ-TX-14,6/22/2021 3:05:05 PM,-2147483648,1,1,False,,2,2.5,4,3,,11.5,Default,,,HYSP,0m,,,,,,,,,
DENA-HQ-TX-14,6/22/2021 3:05:05 PM,-2147483647,1,2,False,,0.5,0.3,1.2,1,,3,Default,,,HYSP,16m,,,,,,,,,
DENA-HQ-TX-14,6/28/2023 1:00:58 PM,,,,,,,,,,,,,,,,,1,,S. Stehn,Surface layer burn severity,Surface layer code at point where duff plug is taken,Sample Location,,True,
DENA-HQ-TX-14,6/28/2023 1:00:58 PM,1,1,1,False,0.1,3,5,6,6,0,20.1,Default,,,,0m,,,,,,,,,
DENA-HQ-TX-14,6/28/2023 1:00:58 PM,2,1,2,False,1,0,0,0,2.5,0,3.5,Default,,,,16m,,,,,,,,,
DENA-HZF-Z3-08,6/12/2003 5:28:06 PM,,,,,,,,,,,,,,,,,1,,,,,,,True,
DENA-HZF-Z3-08,6/12/2003 5:28:06 PM,-2147483648,1,0,False,1,1,1,,,,3,Default,to mineral,,,,,,,,,,,,
DENA-HZF-Z3-08,6/12/2003 5:28:06 PM,-2147483647,1,16,False,,4,6,3,,,,Default,to permafrost,,,,,,,,,,,,
DENA-HZF-Z3-08,6/14/2005 2:31:36 PM,,,,,,,,,,,,,,,,,1,,,,,,,True,
DENA-HZF-Z3-08,6/14/2005 2:31:36 PM,-2147483648,1,0,False,4,,,10,40,,54,Default,,,,,,,,,,,,,
DENA-HZF-Z3-08,6/14/2005 2:31:36 PM,-2147483647,1,16,False,,,,,,,0,Default,gravel,,,,,,,,,,,,
DENA-HZF-Z3-08,7/21/2009 4:02:29 PM,,,,,,,,,,,,,,,,,1,J Mitchell; C Campanelli; R Wilson; M Llanes; B McCreary; C Reynar,J Mitchell,Surface layer burn severity,Surface layer code at point where duff plug is taken,Sample Location,,True,
DENA-HZF-Z3-08,7/21/2009 4:02:29 PM,-2147483648,1,1,False,,,,,39,,39,Default,to mineral,,,0m,,,,,,,,,
DENA-HZF-Z3-08,7/21/2009 4:02:29 PM,-2147483647,1,2,False,,,,,35,,35,Default,to permafrost,,,16m,,,,,,,,,
DENA-HZF-Z3-08,8/12/2021 7:22:50 PM,,,,,,,,,,,,,,,,,1,J OConnor,J OConnor,Surface layer burn severity,Surface layer code at point where duff plug is taken,Sample Location,,True,
DENA-HZF-Z3-08,8/12/2021 7:22:50 PM,-2147483648,1,1,False,3,,,6,2,,11,Default,,,LTRNDL,0m,,,,,,,,,
DENA-HZF-Z3-08,8/12/2021 7:22:50 PM,-2147483647,1,2,False,,2.5,7,6,13,,28.5,Default,,,PLSC,16m,,,,,,,,,
A303-00-1385,7/19/2005 2:14:11 PM,,,,,,,,,,,,,,,,,1,RD,J. Hrobak,Surface layer burn severity,Surface layer code at point where duff plug is taken,Sample Location,,True,
A303-00-1385,7/19/2005 2:14:11 PM,-2147483648,1,1,False,1,1,1,0,3,0,6,Default,,,,0m,,,,,,,,,
A303-00-1385,7/19/2005 2:14:11 PM,-2147483647,1,2,False,0,1,1,4,3,0,9,Default,,,,30m,,,,,,,,,
NOAT-NAV-H06,6/22/2011 2:31:40 PM,,,,,,,,,,,,,,,,,1,,,,,,,True,
NOAT-NAV-H06,6/22/2011 2:31:40 PM,-2147483648,1,1,False,0,0,5,3.5,4.5,0,13,Default,top 0-2 cm charred SPHAG; lower duff includes some mineral soil,burned- light/mod severity,DM,,,,,,,,,,
NOAT-TUT-C06,6/25/2011 8:05:15 AM,,,,,,,,,,,,,,,,,1,,,,,,,True,
NOAT-TUT-C06,6/25/2011 8:05:15 AM,-2147483648,1,1,False,0,2,1,11,0,0,14,Default,DM is slanted layer 1-3 cm; frozen below upper duff,unburned,SM,,,,,,,,,,
A185-86-123,7/13/2005 12:31:48 PM,,,,,,,,,,,,,,,,,1,Parker,J. Hrobak,Surface layer burn severity,Surface layer code at point where duff plug is taken ,Sample Location,,True,
A185-86-123,7/13/2005 12:31:48 PM,-2147483648,1,1,False,0,1,3,4,3.5,2,13.5,Default,,,,0m,,,,,,,,,
A185-86-123,7/13/2005 12:31:48 PM,-2147483647,1,2,False,0,0,0,4,5,2,11,Default,,,,30m,,,,,,,,,
A185-86-123,7/26/2011 3:35:14 PM,,,,,,,,,,,,,,,,,1,,,,,,,True,
A185-86-123,7/26/2011 3:35:14 PM,-2147483648,1,6,True,0,1,0,0.5,0,0,1.5,Default,live moss basically growing on mineral soil,,,,,,,,,,,,
A185-86-123,7/26/2011 3:35:14 PM,-2147483647,1,12,False,0,0.5,0,0.5,0,0,1,Default,live moss basically growing on mineral soil,,,,,,,,,,,,
A185-86-123,7/26/2011 3:35:14 PM,-2147483646,1,18,False,1,0.5,0.5,2,4,0,8,Default,,,,,,,,,,,,,
A185-86-123,7/26/2011 3:35:14 PM,-2147483645,1,24,False,0,0.5,0,0,0,0,0.5,Default,live moss basically growing on mineral soil,,,,,,,,,,,,
B664-91-483,7/18/2005 1:41:18 PM,,,,,,,,,,,,,,,,,1,Parker,J. Hrobak,Surface layer burn severity,Surface layer code at point where duff plug is taken ,Sample Location,,True,
B664-91-483,7/18/2005 1:41:18 PM,-2147483648,1,1,False,0,0,0,4,4,1,9,Default,,,,0m,,,,,,,,,
B664-91-483,7/18/2005 1:41:18 PM,-2147483647,1,2,False,0,0,1,3,3,1,8,Default,,,,30m,,,,,,,,,
DENA-HZF-Z3-29,6/22/2003 6:02:49 PM,,,,,,,,,,,,,,,,,1,,,,,,,True,
DENA-HZF-Z3-29,6/22/2003 6:02:49 PM,-2147483648,1,0,False,3,0,0,7.5,3.5,,14,Default,,,,,,,,,,,,,
DENA-HZF-Z3-29,6/22/2003 6:02:49 PM,-2147483647,1,16,False,0,2,5,5,4,,16,Default,,,,,,,,,,,,,
DENA-HZF-Z3-29,6/15/2005 3:51:43 PM,,,,,,,,,,,,,,,,,1,,,,,,,True,
DENA-HZF-Z3-29,6/15/2005 3:51:43 PM,-2147483648,1,0,False,4.5,,,11,,,15.5,Default,,,,,,,,,,,,,
DENA-HZF-Z3-29,6/15/2005 3:51:43 PM,-2147483647,1,16,False,,6.5,4,4.5,3,,19,Default,,,,,,,,,,,,,
DENA-HZF-Z3-29,7/24/2009 5:09:31 PM,,,,,,,,,,,,,,,,,1,R Wilson; M Llanes; C Campanelli; H Bradshaw,J Mitchell,Surface layer burn severity,Surface layer code at point where duff plug is taken,Sample Location,,True,
DENA-HZF-Z3-29,7/24/2009 5:09:31 PM,-2147483648,1,1,False,,,,,8,,8,Default,to rock,,,0m,,,,,,,,,
DENA-HZF-Z3-29,7/24/2009 5:09:31 PM,-2147483647,1,2,False,,,,,16,,16,Default,to rock,,,16m,,,,,,,,,
DENA-HZF-Z3-29,7/14/2021 7:21:49 PM,,,,,,,,,,,,,,,,,1,J OConnor,J OConnor,Surface layer burn severity,Surface layer code at point where duff plug is taken,Sample Location,,True,
DENA-HZF-Z3-29,7/14/2021 7:21:49 PM,-2147483648,1,1,False,,4,3,7,1,,15,Default,,,HYSP,0m,,,,,,,,,
DENA-HZF-Z3-29,7/14/2021 7:21:49 PM,-2147483647,1,2,False,,3,3,7,4,,17,Default,,,HYSP,16m,,,,,,,,,
DENA-HQ-TX-22,6/21/2021 5:41:10 PM,,,,,,,,,,,,,,,,,1,J Barnes,J OConnor,Surface layer burn severity,Surface layer code at point where duff plug is taken,Sample Location,,True,
DENA-HQ-TX-22,6/21/2021 5:41:10 PM,-2147483648,1,1,False,2,,,5,16,,23,Default,,,LTRN/CONE,0m,,,,,,,,,
DENA-HQ-TX-22,6/21/2021 5:41:10 PM,-2147483647,1,2,False,,3,3,9,8,,23,Default,,,Moss,16m,,,,,,,,,
NOAT-ROK-B06,6/24/2011 11:44:32 AM,,,,,,,,,,,,,,,,,1,,,,,,,True,
NOAT-ROK-B06,6/24/2011 11:44:32 AM,-2147483648,1,1,False,,,,4,13,,17,Default,bottom of plug broken; so some mixing; frozen below lower duff; starting into mineral soil,burned- moderate,UD,,,,,,,,,,
B664-91-470,7/18/2005 11:34:06 AM,,,,,,,,,,,,,,,,,1,Stinchfield; Olson,J. Hrobak,Surface layer burn severity,Surface layer code at point where duff plug is taken ,Sample Location,,True,
B664-91-470,7/18/2005 11:34:06 AM,-2147483648,1,1,False,0,5,2,4,3,0,14,Default,,,,0m,,,,,,,,,
B664-91-470,7/18/2005 11:34:06 AM,-2147483647,1,2,False,0,0,2,4,5,1,12,Default,,,,30m,,,,,,,,,
DENA-HZF-Z3-30RL,8/18/2003 6:07:00 PM,,,,,,,,,,,,,,,,,1,,,,,,,True,
DENA-HZF-Z3-30RL,8/18/2003 6:07:00 PM,-2147483648,1,0,False,,3,3,6,7,,16,Default,,,,,,,,,,,,,
DENA-HZF-Z3-30RL,8/18/2003 6:07:00 PM,-2147483647,1,16,False,,3,2.5,5.5,8.5,,19.5,Default,,,,,,,,,,,,,
DENA-HZF-Z3-30RL,6/15/2005 3:56:43 PM,,,,,,,,,,,,,,,,,1,,,,,,,True,
DENA-HZF-Z3-30RL,6/15/2005 3:56:43 PM,-2147483648,1,0,False,,1,2,2,3,,8,Default,,,,,,,,,,,,,
DENA-HZF-Z3-30RL,6/15/2005 3:56:43 PM,-2147483647,1,16,False,,3,4,4,4,,15,Default,,,,,,,,,,,,,
DENA-HZF-Z3-30RL,7/25/2009 4:46:09 PM,,,,,,,,,,,,,,,,,1,R Wilson,J Mitchell,Surface layer burn severity,Surface layer code at point where duff plug is taken,Sample Location,,True,
DENA-HZF-Z3-30RL,7/25/2009 4:46:09 PM,-2147483648,1,1,False,,,,,13,,13,Default,to rock,,,0m,,,,,,,,,
DENA-HZF-Z3-30RL,7/25/2009 4:46:09 PM,-2147483647,1,2,False,,,,,8,,8,Default,to mineral,,,16m,,,,,,,,,
DENA-HZF-Z3-30RL,8/11/2021 7:04:07 PM,,,,,,,,,,,,,,,,,1,J OConnor; R Nessle,J OConnor,Surface layer burn severity,Surface layer code at point where duff plug is taken,Sample Location,,True,
DENA-HZF-Z3-30RL,8/11/2021 7:04:07 PM,-2147483648,1,1,False,,3,2,4.5,3,,12.5,Default,,,HYSP,0m,,,,,,,,,
DENA-HZF-Z3-30RL,8/11/2021 7:04:07 PM,-2147483647,1,2,False,,2,2,5.5,2,,11.5,Default,,,HYSP,16m,,,,,,,,,
NOAT-Racine-KUG-B,7/30/2017 10:08:08 AM,,,,,,,,,,,,,,,,,1,J. Hrobak,J. Hrobak,Surface layer burn severity,Surface layer code at point where duff plug is taken,,,True,
NOAT-Racine-KUG-B,7/30/2017 10:08:08 AM,-2147483648,1,1,False,0,2,4,0,8,0,14,Default,Charcoal at 6cm (between DM and LD).,,DREPA3,,,,,,,,,,
NOAT-Racine-KUG-B,7/30/2017 10:08:08 AM,-2147483647,1,2,False,1,0.5,0,0,5,0,7.5,Default,1 cm of charcoal below LM. Included in fuelbed depth.,,DREPA3/MAPO,,,,,,,,,,
DENA-HQ-TX-28,6/24/2021 5:48:31 PM,,,,,,,,,,,,,,,,,1,J Hrobak; M Neuser,J OConnor,Surface layer burn severity,Surface layer code at point where duff plug is taken,Sample Location,,True,
DENA-HQ-TX-28,6/24/2021 5:48:31 PM,-2147483648,1,1,False,,1,1.5,5,12,,19.5,Default,,,HYSP,0m,,,,,,,,,
DENA-HQ-TX-28,6/24/2021 5:48:31 PM,-2147483647,1,2,False,,2,2,3,5,,12,Default,,,HYSP,16m,,,,,,,,,
DENA-HQ-TX-28,6/27/2023 2:49:21 PM,,,,,,,,,,,,,,,,,1,,S. Stehn,Surface layer burn severity,Surface layer code at point where duff plug is taken,Sample Location,,True,
DENA-HQ-TX-28,6/27/2023 2:49:21 PM,1,1,1,False,0.25,2,0.5,4,4,0,10.75,Default,,,,0m,,,,,,,,,
DENA-HQ-TX-28,6/27/2023 2:49:21 PM,2,1,2,False,0.25,3,3,3,4,0,13.25,Default,offset to E to avoid trail,,,16m,,,,,,,,,
DENA-HZF-C-15,7/24/2009 5:40:43 PM,,,,,,,,,,,,,,,,,1,J Mitchell; M Llanes; C Campanelli; H Bradshaw; R Wilson,J OConnor,Surface layer burn severity,Surface layer code at point where duff plug is taken,Sample Location,,True,
DENA-HZF-C-15,7/24/2009 5:40:43 PM,-2147483648,1,1,False,,,,,11,,11,Default,To mineral,,,0m,,,,,,,,,
DENA-HZF-C-15,7/24/2009 5:40:43 PM,-2147483647,1,2,False,,,,,21,,21,Default,To mineral,,,16m,,,,,,,,,
DENA-HZF-C-15,7/15/2021 3:49:50 PM,,,,,,,,,,,,,,,,,1,J. O'Connor,J. Hrobak,Surface layer burn severity,Surface layer code at point where duff plug is taken  ,Sample Location,,True,
DENA-HZF-C-15,7/15/2021 3:49:50 PM,-2147483648,1,1,False,,4,3,11,8,,26,Default,,,,,,,,,,,,,
DENA-HZF-C-15,7/15/2021 3:49:50 PM,-2147483647,1,2,False,,2,4,4.5,4,3,17.5,Default,,,,,,,,,,,,,
NOAT-TUT-C03,6/25/2011 9:41:14 AM,,,,,,,,,,,,,,,,,1,,,,,,,True,
NOAT-TUT-C03,6/25/2011 9:41:14 AM,-2147483648,1,1,False,,,,,,,,Default,no duff plug collected,,,,,,,,,,,,
B664-91-479,7/18/2005 10:39:17 AM,,,,,,,,,,,,,,,,,1,Stinchfield; Olson,J. Hrobak,Surface layer burn severity,Surface layer code at point where duff plug is taken ,Sample Location,,True,
B664-91-479,7/18/2005 10:39:17 AM,-2147483648,1,1,False,0,0,2,6,4,1,13,Default,,,,0m,,,,,,,,,
B664-91-479,7/18/2005 10:39:17 AM,-2147483647,1,2,False,0,0,3,5,3,0,11,Default,,,,30m,,,,,,,,,
A391-90-57,7/6/2005 11:35:18 AM,,,,,,,,,,,,,,,,,1,Parker; Stinchfield; Allen,J. Hrobak,Surface layer burn severity,Surface layer code at point where duff plug is taken ,Sample Location,,True,
A391-90-57,7/6/2005 11:35:18 AM,-2147483648,1,1,False,0,3,2,11,8,0,24,Default,,,,0m,,,,,,,,,
A391-90-57,7/6/2005 11:35:18 AM,-2147483647,1,2,False,0,3,1,4,8,0,16,Default,,,,30m,,,,,,,,,
A391-90-57,7/27/2011 9:37:28 AM,,,,,,,,,,,,,,,,,1,,,,,,,True,
A391-90-57,7/27/2011 9:37:28 AM,-2147483648,1,6,True,0,1.5,2.5,7,12,0,23,Default,,,,,,,,,,,,,
A391-90-57,7/27/2011 9:37:28 AM,-2147483647,1,18,True,0,1,3,7,17,0,28,Default,,,,,,,,,,,,,
A417-02-1025,7/13/2005 12:16:56 PM,,,,,,,,,,,,,,,,,1,Reynar; Ostmann; Olson,J. Hrobak,Surface layer burn severity,Surface layer code at point where duff plug is taken ,Sample Location,,True,
A417-02-1025,7/13/2005 12:16:56 PM,-2147483648,1,1,False,0.1,0,0,12,10,0,22.1,Default,Approx. 40% Sphag consumed in area.,,,0m,,,,,,,,,
A417-02-1025,7/13/2005 12:16:56 PM,-2147483647,1,2,False,0,0,18,7,7,0,33,Default,Approx. 40% Sphag consumed in area.,,,30m,,,,,,,,,
DENA-A274-H2,7/21/2016 12:57:05 PM,,,,,,,,,,,,,,,,,1,Jennifer Hrobak; Jennifer Barnes,J. Hrobak,Surface layer burn severity,Surface layer code at point where duff plug is taken,,,True,
DENA-A274-H2,7/21/2016 12:57:05 PM,-2147483648,1,1,False,,3,6,,4,,13,Default,Sampled in POJU. Unburned in 2015,,,,,,,,,,,,
DENA-A274-H2,7/21/2016 12:57:05 PM,-2147483647,1,2,False,,0.2,,,1.5,,1.5,Default,Sampled in CEPU,,,,,,,,,,,,
DENA-A274-H2,7/21/2016 12:57:05 PM,-2147483646,1,3,False,0.2,,,9,2,,11,Default,,,,,,,,,,,,,
DENA-HQ-TX-21,6/21/2021 5:39:23 PM,,,,,,,,,,,,,,,,,1,J Barnes; K Gates; R Nessle; M Neuser; J OConnor; K Cowan,J OConnor,Surface layer burn severity,Surface layer code at point where duff plug is taken,Sample Location,,True,
DENA-HQ-TX-21,6/21/2021 5:39:23 PM,-2147483648,1,1,False,,2,1.5,10,,,13.5,Default,,,HYSP,0m,,,,,,,,,
DENA-HQ-TX-21,6/21/2021 5:39:23 PM,-2147483647,1,2,False,,4,1.5,3,8,,16.5,Default,,,HYSP,16m,,,,,,,,,
DENA-HZF-C-09,7/24/2009 5:40:11 PM,,,,,,,,,,,,,,,,,1,J Mitchell; M Llanes; C Campanelli; H Bradshaw; B McCreary,J OConnor,Surface layer burn severity,Surface layer code aat point where duff plug is taken,Sample Location,,True,
DENA-HZF-C-09,7/24/2009 5:40:11 PM,-2147483648,1,1,False,,,,,24,,24,Default,rock,,,0m,,,,,,,,,
DENA-HZF-C-09,7/24/2009 5:40:11 PM,-2147483647,1,2,False,,,,,28,,28,Default,rock,,,16m,,,,,,,,,
DENA-HZF-C-09,8/12/2021 3:36:50 PM,,,,,,,,,,,,,,,,,1,R. Nessle; J. O'Connor,J. Hrobak,Surface layer burn severity,Surface layer code at point where duff plug is taken  ,Sample Location,,True,
DENA-HZF-C-09,8/12/2021 3:36:50 PM,-2147483648,1,1,False,,5,2,19,14,,40,Default,Charcoal layer between UD and LD. Sampled to MIN.,,HYSP,,,,,,,,,,
DENA-HZF-C-09,8/12/2021 3:36:50 PM,-2147483647,1,2,False,,4,2,17,11,,34,Default,Thick charcoal layer between UD and LD. Sampled to MIN.,,HYSP,,,,,,,,,,
DENA-TLS-28,8/30/2022 5:56:37 PM,,,,,,,,,,,,,,,,,1,M. Behrens; T. Schaub; K. Gates,M. Behrens,Surface layer burn severity,Surface layer code at point where duff plug is taken ,Sample Location,,True,
DENA-TLS-28,8/30/2022 5:56:37 PM,-2147483648,1,1,False,0,4,4,3,8,0,19,Default,,,DUFF,0M,,,,,,,,,
DENA-TLS-28,8/30/2022 5:56:37 PM,-2147483647,1,2,False,0,6,6,5,3,0,20,Default,,,DUFF,16M,,,,,,,,,
DENA-TLS-24,6/23/2022 6:49:20 PM,,,,,,,,,,,,,,,,,1,J. Barnes; T. Schaub; M. Behrens,T. Schaub,Surface layer burn severity,Surface layer code at point where duff plug is taken ,Sample Location,,True,
DENA-TLS-24,6/23/2022 6:49:20 PM,-2147483648,1,1,False,0,6,8,7,11,0,32,Default,,,DUFF,,,,,,,,,,
DENA-TLS-24,6/23/2022 6:49:20 PM,-2147483647,1,2,False,0,13,18,7,5,0,43,Default,,,DUFF,,,,,,,,,,
DENA-HZF-Z3-07,6/14/2005 2:20:45 PM,,,,,,,,,,,,,,,,,1,,,,,,,True,
DENA-HZF-Z3-07,6/14/2005 2:20:45 PM,-2147483648,1,0,False,0,4,3,9,,,16,Default,,,,,,,,,,,,,
DENA-HZF-Z3-07,6/14/2005 2:20:45 PM,-2147483647,1,16,False,1,1,1,6,,,9,Default,,,,,,,,,,,,,
DENA-HZF-Z3-07,7/23/2009 3:54:00 PM,,,,,,,,,,,,,,,,,1,J Mitchell; C Campanelli; R Wilson; M Llanes,J Mitchell,Surface layer burn severity,Surface layer code at point where duff plug is taken,Sample Location,,True,
DENA-HZF-Z3-07,7/23/2009 3:54:00 PM,-2147483648,1,1,False,,,,,10,,10,Default,to mineral soil,,,0m,,,,,,,,,
DENA-HZF-Z3-07,7/23/2009 3:54:00 PM,-2147483647,1,2,False,,,,,10,,10,Default,to rock,,,16m,,,,,,,,,
DENA-HZF-Z3-07,8/12/2021 7:22:58 PM,,,,,,,,,,,,,,,,,1,J OConnor,J OConnor,Surface layer burn severity,Surface layer code at point where duff plug is taken,Sample Location,,True,
DENA-HZF-Z3-07,8/12/2021 7:22:58 PM,-2147483648,1,1,False,,2,1.5,4,2,,9.5,Default,,,HYSP,0m,,,,,,,,,
DENA-HZF-Z3-07,8/12/2021 7:22:58 PM,-2147483647,1,2,False,,2,1.5,4,2.5,,10,Default,,,HYSP,16m,,,,,,,,,
DENA-TLS-37,7/12/2022 2:25:04 PM,,,,,,,,,,,,,,,,,1,M Behrens; T Schaub,M Behrens,Surface layer burn severity,Surface layer code at point where duff plug is taken ,Sample Location,,True,
DENA-TLS-37,7/12/2022 2:25:04 PM,-2147483648,1,1,False,0,10,11,4,1,0,26,Default,,0M,DUFF,,,,,,,,,,
DENA-TLS-37,7/12/2022 2:25:04 PM,-2147483647,1,2,False,0,4,4,5,2,0,15,Default,,16M,DUFF,,,,,,,,,,
NOAT-ROK-B04,6/24/2011 8:53:15 PM,,,,,,,,,,,,,,,,,1,,,,,,,True,
NOAT-ROK-B04,6/24/2011 8:53:15 PM,-2147483648,1,1,False,,2,3,12,,,17,Default,scorched SPHAG; DM thickness variable; frozen below UD,burned- scorched,DM,,,,,,,,,,
DENA-TLS-33,8/2/2022 5:11:49 PM,,,,,,,,,,,,,,,,,1,M Behrens t schaub N tilges R brand,M Behrens,Surface layer burn severity,Surface layer code at point where duff plug is taken ,Sample Location,,True,
DENA-TLS-33,8/2/2022 5:11:49 PM,-2147483648,1,1,False,0,4,6,5,4,0,19,Default,,,DUFF,0M,,,,,,,,,
DENA-TLS-33,8/2/2022 5:11:49 PM,-2147483647,1,2,False,0,3,4,6,3,0,16,Default,,,DUFF,16M,,,,,,,,,
A185-86-143,7/13/2005 3:33:36 PM,,,,,,,,,,,,,,,,,1,Parker,J. Hrobak,Surface layer burn severity,Surface layer code at point where duff plug is taken ,Sample Location,,True,
A185-86-143,7/13/2005 3:33:36 PM,-2147483648,1,1,False,0,1,2.5,13,5,0,21.5,Default,,,,0m,,,,,,,,,
A185-86-143,7/13/2005 3:33:36 PM,-2147483647,1,2,False,0,1,4,4,2,1,12,Default,,,,30m,,,,,,,,,
A185-86-143,7/26/2011 1:49:22 PM,,,,,,,,,,,,,,,,,1,,,,,,,True,
A185-86-143,7/26/2011 1:49:22 PM,-2147483648,1,6,False,0,3,2,5,17,0,27,Default,,POJU,,,,,,,,,,,
A185-86-143,7/26/2011 1:49:22 PM,-2147483647,1,18,False,0,0.5,0,12,13,0,25.5,Default,upper duff consists of SPHAG,CEPU,,,,,,,,,,,
DENA-TLS-25,8/30/2022 12:44:15 PM,,,,,,,,,,,,,,,,,1,M. Behrens; K. Gates,T. Schaub,Surface layer burn severity,Surface layer code at point where duff plug is taken ,Sample Location,,True,
DENA-TLS-25,8/30/2022 12:44:15 PM,-2147483648,1,1,False,1,3,3,5,5,0,17,Default,,,,,,,,,,,,,
DENA-TLS-25,8/30/2022 12:44:15 PM,-2147483647,1,2,False,0.5,4,2,5,6,0,17.5,Default,,,,,,,,,,,,,
DENA-HQ-TX-02,6/23/2021 6:06:44 PM,,,,,,,,,,,,,,,,,1,J Barnes; K Gates; J OConnor,J OConnor,Surface layer burn severity,Surface layer code at point where duff plug is taken,Sample Location,,True,
DENA-HQ-TX-02,6/23/2021 6:06:44 PM,-2147483648,1,1,False,,2,2,3,5,,12,Default,,,HYSP,0m,,,,,,,,,
DENA-HQ-TX-02,6/23/2021 6:06:44 PM,-2147483647,1,2,False,3,,,4,5,,12,Default,,,LTRH,16m,,,,,,,,,
DENA-HQ-TX-02,7/28/2023 7:22:29 PM,,,,,,,,,,,,,,,,,1,,S. Stehn,Surface layer burn severity,Surface layer code at point where duff plug is taken,Sample Location,,True,
DENA-HQ-TX-02,7/28/2023 7:22:29 PM,1,1,1,False,3,0,0,4,2.5,0,9.5,Default,,,,0m,,,,,,,,,
DENA-HQ-TX-02,7/28/2023 7:22:29 PM,2,1,2,False,4,4,4,2,4,0,18,Default,,,HYLSPL,16m,,,,,,,,,
DENA-HZF-Z3-19RL,8/16/2003 9:43:41 AM,,,,,,,,,,,,,,,,,1,,,,,,,True,
DENA-HZF-Z3-19RL,8/16/2003 9:43:41 AM,-2147483648,1,0,False,,2,2,7,3,,14,Default,to rock,,,,,,,,,,,,
DENA-HZF-Z3-19RL,8/16/2003 9:43:41 AM,-2147483647,1,16,False,,2,1,4,2,,6,Default,to mineral,,,,,,,,,,,,
DENA-HZF-Z3-19RL,7/24/2005 3:28:49 PM,,,,,,,,,,,,,,,,,1,,,,,,,True,
DENA-HZF-Z3-19RL,7/24/2005 3:28:49 PM,-2147483648,1,0,False,1,1,3,5,9,,19,Default,,,,,,,,,,,,,
DENA-HZF-Z3-19RL,7/24/2005 3:28:49 PM,-2147483647,1,16,False,,1,1,7,11,1,21,Default,,,,,,,,,,,,,
DENA-HZF-Z3-19RL,7/25/2009 10:22:19 AM,,,,,,,,,,,,,,,,,1,J Mitchell; R Wilson; M Llanes; C Campanelli; B McCreary; H Bradshaw,J Mitchell,Surface layer burn severity,Surface layer code at point where duff plug is taken,Sample Location,,True,
DENA-HZF-Z3-19RL,7/25/2009 10:22:19 AM,-2147483648,1,1,False,,,,,,,0,Default,rock and gravel from road,,,0m,,,,,,,,,
DENA-HZF-Z3-19RL,7/25/2009 10:22:19 AM,-2147483647,1,2,False,,,,,15,,15,Default,,,,16m,,,,,,,,,
DENA-HZF-Z3-19RL,8/11/2021 7:22:12 PM,,,,,,,,,,,,,,,,,1,J Barnes; M Neuser; W Gautsch,J OConnor,Surface layer burn severity,Surface layer code at point where duff plug is taken,Sample Location,,True,
DENA-HZF-Z3-19RL,8/11/2021 7:22:12 PM,-2147483648,1,1,False,,2,3,6,12,,23,Default,,,HYSP,0m,,,,,,,,,
DENA-HZF-Z3-19RL,8/11/2021 7:22:12 PM,-2147483647,1,2,False,,3,3,7,12,,25,Default,,,PLSC,16m,,,,,,,,,
DENA-HQ-TX-09,6/23/2021 2:33:27 PM,,,,,,,,,,,,,,,,,1,J Barnes; K Gates; J O'Connor,J OConnor,Surface layer burn severity,Surface layer code at point where duff plug is taken,Sample Location,,True,
DENA-HQ-TX-09,6/23/2021 2:33:27 PM,-2147483648,1,1,False,,5,3,3.5,2,,13.5,Default,,,HYSP,0m,,,,,,,,,
DENA-HQ-TX-09,6/23/2021 2:33:27 PM,-2147483647,1,2,False,,4,2,5,2,,13,Default,,,HYSP,16m,,,,,,,,,
DENA-HQ-TX-09,6/23/2023 12:12:30 PM,,,,,,,,,,,,,,,,,1,,S. Stehn,Surface layer burn severity,Surface layer code at point where duff plug is taken,Sample Location,,True,
DENA-HQ-TX-09,6/23/2023 12:12:30 PM,1,1,1,False,0,3.2,5,12.2,5,0,25.4,Default,,,,0m,,,,,,,,,
DENA-HQ-TX-09,6/23/2023 12:12:30 PM,2,1,2,False,0.2,3,4.5,9.4,3.3,0,20.4,Default,,,,16m,,,,,,,,,
DENA-HZF-Z3-06,6/11/2003 5:18:15 PM,,,,,,,,,,,,,,,,,1,,,,,,,True,
DENA-HZF-Z3-06,6/11/2003 5:18:15 PM,-2147483648,1,0,False,1,2,1,5,0,0,9,Default,to rock,,,,,,,,,,,,
DENA-HZF-Z3-06,6/11/2003 5:18:15 PM,-2147483647,1,16,False,0,2,0.5,5,1,0,8.5,Default,,,,,,,,,,,,,
DENA-HZF-Z3-06,6/15/2005 1:23:19 PM,,,,,,,,,,,,,,,,,1,,,,,,,True,
DENA-HZF-Z3-06,6/15/2005 1:23:19 PM,-2147483648,1,0,False,2,3,4,11,,,20,Default,,,,,,,,,,,,,
DENA-HZF-Z3-06,6/15/2005 1:23:19 PM,-2147483647,1,16,False,0,7,10,25,33,,75,Default,,,,,,,,,,,,,
DENA-HZF-Z3-06,7/23/2009 3:45:07 PM,,,,,,,,,,,,,,,,,1,J Mitchell; C Campanelli; R Wilson; H Bradshaw; M Llanes,J OConnor,Surface layer burn severity,Surface layer code at point where duff plug is taken,Sample Location,,True,
DENA-HZF-Z3-06,7/23/2009 3:45:07 PM,-2147483648,1,1,False,,,,,17,,17,Default,to mineral soil,,,0m,,,,,,,,,
DENA-HZF-Z3-06,7/23/2009 3:45:07 PM,-2147483647,1,2,False,,,,,4,,4,Default,to rock,,,16m,,,,,,,,,
DENA-HZF-Z3-06,7/14/2021 8:39:35 PM,,,,,,,,,,,,,,,,,1,J Barnes,J OConnor,Surface layer burn severity,Surface layer code at point where duff plug is taken,Sample Location,,True,
DENA-HZF-Z3-06,7/14/2021 8:39:35 PM,-2147483648,1,1,False,2.5,2,3,2,0.5,,10,Default,,,HYSP,0m,,,,,,,,,
DENA-HZF-Z3-06,7/14/2021 8:39:35 PM,-2147483647,1,2,False,0.5,2,3,4,2,,11.5,Default,,,HYSP,16m,,,,,,,,,
DENA-HQ-TX-20,6/22/2021 5:37:20 PM,,,,,,,,,,,,,,,,,1,J Hrobak; M Neuser,J OConnor,Surface layer burn severity,Surface layer code at point where duff plug is taken,Sample Location,,True,
DENA-HQ-TX-20,6/22/2021 5:37:20 PM,-2147483648,1,1,False,,2.5,4,5,9,,20.5,Default,,,HYSP,0m,,,,,,,,,
DENA-HQ-TX-20,6/22/2021 5:37:20 PM,-2147483647,1,2,False,,3,4,12,15,,34,Default,,,HYSP,16m,,,,,,,,,
DENA-HQ-TX-06,6/23/2021 2:14:15 PM,,,,,,,,,,,,,,,,,1,Jennifer Horbak; McKinley Neuser,J OConnor,Surface layer burn severity,Surface layer code at point where duff plug is taken,Sample Location,,True,
DENA-HQ-TX-06,6/23/2021 2:14:15 PM,-2147483648,1,1,False,,1.5,2,8,7.5,,19,Default,,,HYSP,0m,,,,,,,,,
DENA-HQ-TX-06,6/23/2021 2:14:15 PM,-2147483647,1,2,False,,1.5,2,12.5,13.5,,29.5,Default,,,HYSP,16m,,,,,,,,,
DENA-HQ-TX-06,6/22/2023 12:01:10 PM,,,,,,,,,,,,,,,,,1,,S. Stehn,Surface layer burn severity,Surface layer code at point where duff plug is taken,Sample Location,,True,
DENA-HQ-TX-06,6/22/2023 12:01:10 PM,1,1,1,False,1,4,3.5,10,4,0,22.5,Default,,,HYLSPL,0m,,,,,,,,,
DENA-HQ-TX-06,6/22/2023 12:01:10 PM,2,1,2,False,1.5,5,3,6,2,0,17.5,Default,,,HYLSPL,16m,,,,,,,,,
DENA-TLS-39,6/22/2022 1:19:16 PM,,,,,,,,,,,,,,,,,1,M Behrens; J Barnes; T Schaub,M Behrens,Surface layer burn severity,Surface layer code at point where duff plug is taken ,Sample Location,,True,
DENA-TLS-39,6/22/2022 1:19:16 PM,-2147483648,1,1,False,0,4,3,13,10,0,30,Default,,0M,DUFF,,,,,,,,,,
DENA-TLS-39,6/22/2022 1:19:16 PM,-2147483647,1,2,False,0,2,5,12,5,0,24,Default,,16M,DUFF,,,,,,,,,,
DENA-HQ-TX-27,6/21/2021 5:46:11 PM,,,,,,,,,,,,,,,,,1,J Hrobak; M Neuser,J OConnor,Surface layer burn severity,Surface layer code at point where duff plug is taken,Sample Location,,True,
DENA-HQ-TX-27,6/21/2021 5:46:11 PM,-2147483648,1,1,False,,2,1.5,8,5,,16.5,Default,,,HYSP,0m,,,,,,,,,
DENA-HQ-TX-27,6/21/2021 5:46:11 PM,-2147483647,1,2,False,,3,2,15,4,,24,Default,,,HYSP,16m,,,,,,,,,
DENA-HQ-TX-05,6/23/2021 2:05:36 PM,,,,,,,,,,,,,,,,,1,Jennifer Hrobak; McKinley Neuser,J OConnor,Surface layer burn severity,Surface layer code at point where duff plug is taken,Sample Location,,True,
DENA-HQ-TX-05,6/23/2021 2:05:36 PM,-2147483648,1,1,False,,3.3,4,5,4.5,,16.8,Default,,,HYSP,0m,,,,,,,,,
DENA-HQ-TX-05,6/23/2021 2:05:36 PM,-2147483647,1,2,False,,4.5,5,4,8,,21.5,Default,,,HYSP,16m,,,,,,,,,
DENA-HQ-TX-05,6/26/2023 11:47:13 AM,,,,,,,,,,,,,,,,,1,,S. Stehn,Surface layer burn severity,Surface layer code at point where duff plug is taken,Sample Location,,True,
DENA-HQ-TX-05,6/26/2023 11:47:13 AM,1,1,1,False,3,5,3,4,3,0,18,Default,,,,0m,,,,,,,,,
DENA-HQ-TX-05,6/26/2023 11:47:13 AM,2,1,2,False,2,6,4,9,4,0,25,Default,,,,16m,,,,,,,,,
A417-02-1143,7/13/2005 9:23:15 AM,,,,,,,,,,,,,,,,,1,Reynar; Ostmann; Olson,J. Hrobak,Surface layer burn severity,Surface layer code at point where duff plug is taken ,Sample Location,,True,
A417-02-1143,7/13/2005 9:23:15 AM,-2147483648,1,1,False,0,0,0,5,12,0,17,Default,,,,0m,,,,,,,,,
A417-02-1143,7/13/2005 9:23:15 AM,-2147483647,1,2,False,0,6,,,,0,,Default,Dead Moss very deep (hit water). Did not measure farther. (Sphagnum?? - J. Hrobak),,,30m,,,,,,,,,
DENA-HZF-Z2-04RL,6/14/2005 10:23:40 AM,,,,,,,,,,,,,,,,,1,,,,,,,True,
DENA-HZF-Z2-04RL,6/14/2005 10:23:40 AM,-2147483648,1,0,False,2,1,1,16,,,20,Default,,,,,,,,,,,,,
DENA-HZF-Z2-04RL,6/14/2005 10:23:40 AM,-2147483647,1,16,False,0.5,2,0.5,5,13,,21,Default,,,,,,,,,,,,,
DENA-HZF-Z2-04RL,7/22/2009 3:11:05 PM,,,,,,,,,,,,,,,,,1,J Mitchell; C Campanelli; R Wilson; M Llanes,J OConnor,Surface layer burn severity,Surface layer code at point where duff plug is taken,Sample Location,,True,
DENA-HZF-Z2-04RL,7/22/2009 3:11:05 PM,-2147483648,1,1,False,,,,,35,,35,Default,to permafrost,,,0m,,,,,,,,,
DENA-HZF-Z2-04RL,7/22/2009 3:11:05 PM,-2147483647,1,2,False,,,,,23,,23,Default,to permafrost,,,16m,,,,,,,,,
DENA-HZF-Z2-04RL,8/12/2021 7:31:34 PM,,,,,,,,,,,,,,,,,1,M Neuser; W Gautsch,M Neuser,Surface layer burn severity,Surface layer code at point where duff plug is taken ,Sample Location,,True,
DENA-HZF-Z2-04RL,8/12/2021 7:31:34 PM,-2147483648,1,1,False,0,1,0.5,7,20,0,28.5,Default,,,PLSC,,,,,,,,,,
DENA-HZF-Z2-04RL,8/12/2021 7:31:34 PM,-2147483647,1,2,False,0,1.5,4,11,14,0,30.5,Default,,,PLSC,,,,,,,,,,
A185-86-116,7/13/2005 11:43:39 AM,,,,,,,,,,,,,,,,,1,Parker,J. Hrobak,Surface layer burn severity,Surface layer code at point where duff plug is taken ,Sample Location,,True,
A185-86-116,7/13/2005 11:43:39 AM,-2147483648,1,1,False,1,0,4,8,4,0,17,Default,,,,0m,,,,,,,,,
A185-86-116,7/13/2005 11:43:39 AM,-2147483647,1,2,False,2,1,2,14,4,1,24,Default,,,,30m,,,,,,,,,
A185-86-116,7/26/2011 8:20:59 AM,,,,,,,,,,,,,,,,,1,,,,,,,True,
A185-86-116,7/26/2011 8:20:59 AM,-2147483648,1,30,True,0,1,9.5,11,13.5,0,35,Default,duff plugs taken from within 2 m of ends of 30m trans,,,,,,,,,,,,
A185-86-116,7/26/2011 8:20:59 AM,-2147483647,1,0,True,0,1.5,9,14,19.5,0,44,Default,duff plugs taken from within 2 m of ends of 30m trans,,,,,,,,,,,,
NOAT-Racine-NOAT2,7/27/2017 3:34:30 PM,,,,,,,,,,,,,,,,,1,J. Barnes; J. Hrobak; D. Swanson,J. Hrobak,Surface layer burn severity,Surface layer code at point where duff plug is taken,Sample Location,,True,
NOAT-Racine-NOAT2,7/27/2017 3:34:30 PM,-2147483648,1,1,False,0,2,3.5,3,4.5,0,,Default,Charcoal/burned plants below UD and below 4.5 cm of LD. Did NOT sample to soil. LD layer is 4.5+.,ANE Corner,HYSP,,,,,,,,,,
NOAT-Racine-NOAT2,7/27/2017 3:34:30 PM,-2147483647,1,2,False,0,2,1.5,3,7,0,,Default,Charcoal/burned plants below DM and below 7cm of LD. Did NOT sample to soil. LD layer is 7.0 +.,ANW Corner,AULA,,,,,,,,,,
NOAT-Racine-NOAT2,7/27/2017 3:34:30 PM,-2147483646,1,3,False,0,2,2,3.5,6,0,,Default,Charcoal/burned plants below 6cm of LD. Did NOT sample to soil. LD layer is 6.0 +.,BSW Corner,HYSP,,,,,,,,,,
NOAT-Racine-NOAT2,7/27/2017 3:34:30 PM,-2147483645,1,4,False,0,1.5,2,3,4,0,,Default,Charcoal/burned plants below 4 cm of LD. Did NOT sample to soil. LD layer is 4.0 +.,,HYSP/DREP,,,,,,,,,,
NOAT-NAN-F05,6/23/2011 7:17:12 AM,,,,,,,,,,,,,,,,,1,,,,,,,True,
NOAT-NAN-F05,6/23/2011 7:17:12 AM,-2147483648,1,1,False,0,0,1,12,3,,16,Default,frozen below lower duff layer; live moss and most of dead moss burned off,burned- moderate,DM,,,,,,,,,,
NOAT-TUT-C07,6/25/2011 8:40:54 AM,,,,,,,,,,,,,,,,,1,,,,,,,True,
NOAT-TUT-C07,6/25/2011 8:40:54 AM,-2147483648,1,1,False,0,2,2,11,0,0,15,Default,unburned sphagnum at surface; sphagnum duff; frozen below,unburned,SM,,,,,,,,,,
DENA-HZF-Z3-10RL,8/17/2003 5:36:51 PM,,,,,,,,,,,,,,,,,1,,,,,,,True,
DENA-HZF-Z3-10RL,8/17/2003 5:36:51 PM,-2147483648,1,0,False,1,7,4,2,3,,17,Default,to mineral,,,,,,,,,,,,
DENA-HZF-Z3-10RL,8/17/2003 5:36:51 PM,-2147483647,1,16,False,1,3,2,2,1,,9,Default,to mineral,,,,,,,,,,,,
DENA-HZF-Z3-10RL,6/16/2005 2:57:03 PM,,,,,,,,,,,,,,,,,1,,,,,,,True,
DENA-HZF-Z3-10RL,6/16/2005 2:57:03 PM,-2147483648,1,0,False,0,4,12,6,1,,23,Default,to mineral soil,,,,,,,,,,,,
DENA-HZF-Z3-10RL,6/16/2005 2:57:03 PM,-2147483647,1,16,False,0.5,1,2,6,0,,9.5,Default,,,,,,,,,,,,,
DENA-HZF-Z3-10RL,7/25/2009 4:10:29 PM,,,,,,,,,,,,,,,,,1,J Mitchell; R Wilson; M Llanes; C Campanelli; B McCreary; H Bradshaw,J Mitchell,Surface layer burn severity,Surface layer code at point where duff plug is taken,Sample Location,,True,
DENA-HZF-Z3-10RL,7/25/2009 4:10:29 PM,-2147483648,1,1,False,,,,,18,,18,Default,to mineral,,,0m,,,,,,,,,
DENA-HZF-Z3-10RL,7/25/2009 4:10:29 PM,-2147483647,1,2,False,,,,,8,,8,Default,to rock,,,16m,,,,,,,,,
DENA-HZF-Z3-10RL,8/11/2021 7:22:39 PM,,,,,,,,,,,,,,,,,1,J OConnor,J OConnor,Surface layer burn severity,Surface layer code at point where duff plug is taken,Sample Location,,True,
DENA-HZF-Z3-10RL,8/11/2021 7:22:39 PM,-2147483648,1,1,False,,4.5,2,8,4,,18.5,Default,,,HYSP,0m,,,,,,,,,
DENA-HZF-Z3-10RL,8/11/2021 7:22:39 PM,-2147483647,1,2,False,,,,3,6.5,3,12.5,Default,,,PEAP60,16m,,,,,,,,,
A391-90-59,7/6/2005 10:46:13 AM,,,,,,,,,,,,,,,,,1,Reynar; Ostmann; Olson,J. Hrobak,Surface layer burn severity,Surface layer code at point where duff plug is taken ,Sample Location,,True,
A391-90-59,7/6/2005 10:46:13 AM,-2147483648,1,1,False,1,0.3,7,6,6,0,20.3,Default,,,,0m,,,,,,,,,
A391-90-59,7/6/2005 10:46:13 AM,-2147483647,1,2,False,0,5,7,8,8,0.1,28.1,Default,,,,30m,,,,,,,,,
A391-90-59,7/27/2011 4:39:20 PM,,,,,,,,,,,,,,,,,1,,,,,,,True,
A391-90-59,7/27/2011 4:39:20 PM,-2147483648,1,6,True,0,1,3,9,20,0,33,Default,,,,,,,,,,,,,
A391-90-59,7/27/2011 4:39:20 PM,-2147483647,1,18,True,0,0.5,1,7,13,0,21.5,Default,,,,,,,,,,,,,
DENA-HZF-Z2-16,6/11/2003 9:33:27 AM,,,,,,,,,,,,,,,,,1,,,,,,,True,
DENA-HZF-Z2-16,6/11/2003 9:33:27 AM,-2147483648,1,0,False,0,2,4,7,7,,20,Default,,,,,,,,,,,,,
DENA-HZF-Z2-16,6/11/2003 9:33:27 AM,-2147483647,1,16,False,0,0,0,0,0,,0,Default,gravel surface,,,,,,,,,,,,
DENA-HZF-Z2-16,6/13/2005 11:27:01 AM,,,,,,,,,,,,,,,,,1,,,,,,,True,
DENA-HZF-Z2-16,6/13/2005 11:27:01 AM,-2147483648,1,0,False,0,2,3,14,,,19,Default,mineral under upper duff,,,,,,,,,,,,
DENA-HZF-Z2-16,6/13/2005 11:27:01 AM,-2147483647,1,16,False,,1.5,,,5,,6.5,Default,,,,,,,,,,,,,
DENA-HZF-Z2-16,7/22/2009 3:38:14 PM,,,,,,,,,,,,,,,,,1,J Mitchell; R Wilson; M Llanes; C Campanelli,J OConnor,Surface layer burn severity,Surface layer code at point where duff plug is taken,Sample Location,,True,
DENA-HZF-Z2-16,7/22/2009 3:38:14 PM,-2147483648,1,1,False,,,,12,,,12,Default,to large rocks,,,0m,,,,,,,,,
DENA-HZF-Z2-16,8/13/2021 4:40:20 PM,,,,,,,,,,,,,,,,,1,M Neuser; R Nessle; W Guatsch,J OConnor,Surface layer burn severity,Surface layer code at point where duff plug is taken,Sample Location,,True,
DENA-HZF-Z2-16,8/13/2021 4:40:20 PM,-2147483648,1,1,False,,3,2,2,8,,15,Default,,,HYSP,0m,,,,,,,,,
DENA-HZF-Z2-16,8/13/2021 4:40:20 PM,-2147483647,1,2,False,,0.5,2.5,11,20,,34,Default,,,HYSP,16m,,,,,,,,,
127-A002,6/15/2005 10:45:24 AM,,,,,,,,,,,,,,,,,1,D. Ostmann & C. Reynar,J. Northway,Surface layer burn severity,Surface layer code at point where duff plug was taken,,,True,
127-A002,6/15/2005 10:45:24 AM,-2147483648,1,1,False,0,5,4,5,3,0,,Default,,,,,,,,,,,,,
127-A002,6/15/2005 10:45:24 AM,-2147483647,1,2,False,0,3,3.5,8,14,0,,Default,,,,,,,,,,,,,
NOAT-NAV-H05,6/22/2011 1:02:39 PM,,,,,,,,,,,,,,,,,1,,,,,,,True,
NOAT-NAV-H05,6/22/2011 1:02:39 PM,-2147483648,1,1,False,0,0,7,8,8,,23,Default,upper layer of moss (0-2 cm) was scorched HYSP; lower duff dark colored,burned- light scorch,DM,,,,,,,,,,
B288-01-1092,7/7/2005 9:56:33 AM,,,,,,,,,,,,,,,,,1,,J. Hrobak,Surface layer burn severity,Surface layer code at point where duff plug is taken ,Sample Location,,True,
B288-01-1092,7/7/2005 9:56:33 AM,-2147483648,1,1,False,1,0,6,8,11,0,26,Default,,,,0m,,,,,,,,,
B288-01-1092,7/7/2005 9:56:33 AM,-2147483647,1,2,False,1,0,2,5,6,0,14,Default,,,,30m,,,,,,,,,
DENA-HZF-C-14,7/23/2009 3:32:20 PM,,,,,,,,,,,,,,,,,1,J. Mitchell; C. Castenelli; M. Llanes; R. Wilson,J. Hrobak,Surface layer burn severity,Surface layer code at point where duff plug is taken ,Sample Location,,True,
DENA-HZF-C-14,7/23/2009 3:32:20 PM,-2147483648,1,1,False,,,,,,,37,Default,To Ice,,,0m,,,,,,,,,
DENA-HZF-C-14,7/23/2009 3:32:20 PM,-2147483647,1,2,False,,,,,,,32,Default,To Ice,,,,,,,,,,,,
127-A003,6/15/2005 5:15:15 PM,,,,,,,,,,,,,,,,,1,C. Reynar and D. Ostmann,J. Northway,Surface layer burn severity,Surface layer code at point where duff plug was taken,,,True,
127-A003,6/15/2005 5:15:15 PM,-2147483648,1,1,False,4.5,0,0,9.5,12.5,0,,Default,,,,,,,,,,,,,
127-A003,6/15/2005 5:15:15 PM,-2147483647,1,2,False,4,3,4,2,4,0,,Default,,,,,,,,,,,,,
NOAT-NAV-H09,6/22/2011 10:32:49 AM,,,,,,,,,,,,,,,,,1,,,,,,,True,
NOAT-NAV-H09,6/22/2011 10:32:49 AM,-2147483648,1,1,False,,2,5,4,6,,17,Default,FM; AULAC,unburned,FM,,,,,,,,,,
DENA-HZF-Z3-13,6/10/2003 5:42:15 PM,,,,,,,,,,,,,,,,,1,,,,,,,True,
DENA-HZF-Z3-13,6/10/2003 5:42:15 PM,-2147483648,1,0,False,,3.5,5,10,7,,25.5,Default,,,,,,,,,,,,,
DENA-HZF-Z3-13,6/10/2003 5:42:15 PM,-2147483647,1,16,False,1,3,,5,,,9,Default,to mineral,,,,,,,,,,,,
DENA-HZF-Z3-13,6/14/2005 3:10:04 PM,,,,,,,,,,,,,,,,,1,,,,,,,True,
DENA-HZF-Z3-13,6/14/2005 3:10:04 PM,-2147483648,1,0,False,0,5,3.5,11,6,,25.5,Default,,,,,,,,,,,,,
DENA-HZF-Z3-13,6/14/2005 3:10:04 PM,-2147483647,1,16,False,0,2,2,2.5,3,,9.5,Default,,,,,,,,,,,,,
DENA-HZF-Z3-13,7/22/2009 4:16:02 PM,,,,,,,,,,,,,,,,,1,R Wilson; M Llanes,J Mitchell,Surface layer burn severity,Surface layer code at point where duff plug is taken,Sample Location,,True,
DENA-HZF-Z3-13,7/22/2009 4:16:02 PM,-2147483648,1,1,False,,,,,30,,30,Default,,,,0m,,,,,,,,,
DENA-HZF-Z3-13,7/22/2009 4:16:02 PM,-2147483647,1,2,False,,,,,30,,30,Default,,,,16m,,,,,,,,,
DENA-HZF-Z3-13,8/12/2021 7:22:31 PM,,,,,,,,,,,,,,,,,1,M Neuser; W Gautsch,J OConnor,Surface layer burn severity,Surface layer code at point where duff plug is taken,Sample Location,,True,
DENA-HZF-Z3-13,8/12/2021 7:22:31 PM,-2147483648,1,1,False,,2.5,2,5.5,14,,24,Default,,,PLSC,0m,,,,,,,,,
DENA-HZF-Z3-13,8/12/2021 7:22:31 PM,-2147483647,1,2,False,,3,6,7,20,,36,Default,,,HYSP,16m,,,,,,,,,
NOAT-TUT-C05,6/25/2011 5:43:11 PM,,,,,,,,,,,,,,,,,1,,,,,,,True,
NOAT-TUT-C05,6/25/2011 5:43:11 PM,-2147483648,1,1,False,0,0,0,7,5,,12,Default,likely had feathermoss above upper duff; burned to upper duff,burned- mod/high severity  ,DM,,,,,,,,,,
NOAT-ROK-B03,6/24/2011 5:08:25 PM,,,,,,,,,,,,,,,,,1,,,,,,,True,
NOAT-ROK-B03,6/24/2011 5:08:25 PM,-2147483648,1,1,False,,1,2,10,,,13,Default,burned/charred AULAC,burned- charred,DM,,,,,,,,,,
DENA-TLS-34,8/2/2022 6:29:45 PM,,,,,,,,,,,,,,,,,1,M behrens T schaub N tilges R brand,M Behrens,Surface layer burn severity,Surface layer code at point where duff plug is taken ,Sample Location,,True,
DENA-TLS-34,8/2/2022 6:29:45 PM,-2147483648,1,1,False,0,14,8,15,9,0,46,Default,,,DUFF,0M,,,,,,,,,
DENA-TLS-34,8/2/2022 6:29:45 PM,-2147483647,1,2,False,0,6,5,15,3,0,29,Default,,,DUFF,16M,,,,,,,,,
DENA-TLS-29,7/7/2022 7:39:44 PM,,,,,,,,,,,,,,,,,1,M. Behrens; T. Schaub; N. Tilges,M. Behrens,Surface layer burn severity,Surface layer code at point where duff plug is taken ,Sample Location,,True,
DENA-TLS-29,7/7/2022 7:39:44 PM,-2147483648,1,1,False,1,4,17,10,8,0,40,Default,,,DUFF,0M,,,,,,,,,
DENA-TLS-29,7/7/2022 7:39:44 PM,-2147483647,1,2,False,0,3,8,11,9,0,31,Default,,,DUFF,16M,,,,,,,,,
A303-00-1368,7/19/2005 1:32:36 PM,,,,,,,,,,,,,,,,,1,Stinchfield; Olson,J. Hrobak,Surface layer burn severity,Surface layer code at point where duff plug is taken ,Sample Location,,True,
A303-00-1368,7/19/2005 1:32:36 PM,-2147483648,1,1,False,0,0.5,0,0,0,0,0.5,Default,,,,0m,,,,,,,,,
A303-00-1368,7/19/2005 1:32:36 PM,-2147483647,1,2,False,0.5,0.5,0,0,12,0,13,Default,,,,30m,,,,,,,,,
NOAT-NAN-F02,6/23/2011 3:06:48 PM,,,,,,,,,,,,,,,,,1,,,,,,,True,
NOAT-NAN-F02,6/23/2011 3:06:48 PM,-2147483648,1,1,False,0,0,2,10,0,,12,Default,lower duff to frozen; clear water; burn severity @ duff site scorched,scorched,DM,,,,,,,,,,
NOAT-Racine-NOAT1,7/26/2017 1:01:31 PM,,,,,,,,,,,,,,,,,1,J. Barnes; J. Hrobak; D. Swanson,J. Hrobak,Surface layer burn severity,Surface layer code at point where duff plug is taken,Sample Location,,True,
NOAT-Racine-NOAT1,7/26/2017 1:01:31 PM,-2147483648,1,1,False,0,2.5,2,1.5,5,0,12,Default,1 cm of Charcoal below UD. Sampled to sandy soil.,,AULA/POJU,ANE Corner,,,,,,,,,
NOAT-Racine-NOAT1,7/26/2017 1:01:31 PM,-2147483647,1,2,False,0,1,1.5,0,4.5,0,7,Default,Sampled to sandy soil,,AULA,BSE Corner,,,,,,,,,
NOAT-Racine-NOAT1,7/26/2017 1:01:31 PM,-2147483646,1,3,False,0,3,0,1,6.5,0,10.5,Default,Sampled to sandy soil,,AULA,BSW Corner,,,,,,,,,
NOAT-Racine-NOAT1,7/26/2017 1:01:31 PM,-2147483645,1,4,False,0,2,3,2,3.5,0,11,Default,0.5 cm of Charcoal below UD. Sampled to sandy soil,,AULA/POJU,ANW Corner,,,,,,,,,
A417-02-660,7/6/2005 10:38:47 AM,,,,,,,,,,,,,,,,,1,DO; CR; EO,J. Hrobak,Surface layer burn severity,Surface layer code at point where duff plug is taken,Sample Location,,True,
A417-02-660,7/6/2005 10:38:47 AM,-2147483648,1,1,False,0,0,0,3,2,0,5,Default,,,,0m,,,,,,,,,
A417-02-660,7/6/2005 10:38:47 AM,-2147483647,1,2,False,0,0,2,2,2,0,6,Default,,,,30m,,,,,,,,,
NOAT-NAV-H10,6/22/2011 12:09:03 PM,,,,,,,,,,,,,,,,,1,,,,,,,True,
NOAT-NAV-H10,6/22/2011 12:09:03 PM,-2147483648,1,1,False,,2,3,3,,,8,Default,AULAC,unburned,FM,,,,,,,,,,
DENA-HZF-Z3-15,6/13/2003 5:45:42 PM,,,,,,,,,,,,,,,,,1,,,,,,,True,
DENA-HZF-Z3-15,6/13/2003 5:45:42 PM,-2147483648,1,0,False,,6,3,6,,,15,Default,to mineral,,,,,,,,,,,,
DENA-HZF-Z3-15,6/13/2003 5:45:42 PM,-2147483647,1,16,False,2,3,0.5,3,,1,9.5,Default,to mineral,,,,,,,,,,,,
DENA-HZF-Z3-15,6/14/2005 3:18:46 PM,,,,,,,,,,,,,,,,,1,,,,,,,True,
DENA-HZF-Z3-15,6/14/2005 3:18:46 PM,-2147483648,1,0,False,,1,1,6.5,,,8.5,Default,to mineral soil,,,,,,,,,,,,
DENA-HZF-Z3-15,6/14/2005 3:18:46 PM,-2147483647,1,16,False,2,1,0.5,3,,,4.5,Default,to mineral soil,,,,,,,,,,,,
DENA-HZF-Z3-15,7/23/2009 4:21:52 PM,,,,,,,,,,,,,,,,,1,R Wilson; M Llanes; C Campanell,J Mitchell,Surface layer burn severity,Surface layer code at point where duff plug is taken,Sample Location,,True,
DENA-HZF-Z3-15,7/23/2009 4:21:52 PM,-2147483648,1,1,False,,,,,13,,13,Default,to mineral,,,0m,,,,,,,,,
DENA-HZF-Z3-15,7/23/2009 4:21:52 PM,-2147483647,1,2,False,,,,,19,,19,Default,to rock,,,16m,,,,,,,,,
DENA-HZF-Z3-15,8/12/2021 7:49:56 PM,,,,,,,,,,,,,,,,,1,M Neuser; W Gautsch,J OConnor,Surface layer burn severity,Surface layer code at point where duff plug is taken,Sample Location,,True,
DENA-HZF-Z3-15,8/12/2021 7:49:56 PM,-2147483648,1,1,False,2.5,,,2,,,4.5,Default,,,LTRH,0m,,,,,,,,,
DENA-HZF-Z3-15,8/12/2021 7:49:56 PM,-2147483647,1,2,False,,3.5,2,4,6,,15.5,Default,,,HYSP,16m,,,,,,,,,
A255-90-305,7/14/2005 8:25:44 AM,,,,,,,,,,,,,,,,,1,Parker; Olson,J. Hrobak,Surface layer burn severity,Surface layer code at point where duff plug is taken ,Sample Location,,True,
A255-90-305,7/14/2005 8:25:44 AM,-2147483648,1,1,False,2,0,2,0,,0,,Default,LD is very deep and was not measured.,,,0m,,,,,,,,,
A255-90-305,7/14/2005 8:25:44 AM,-2147483647,1,2,False,1,0,0,0,0,0,1,Default,Measured to MIN,,,30m,,,,,,,,,
NOAT-ROK-B01,6/24/2011 1:21:49 PM,,,,,,,,,,,,,,,,,1,,,,,,,True,
NOAT-ROK-B01,6/24/2011 1:21:49 PM,-2147483648,1,1,False,,5,5,8,,,18,Default,unburned sphagnum at surface; lots of old tussock basal in the material,unburned,SPHAG,,,,,,,,,,
DENA-HQ-TX-04,6/23/2021 2:33:37 PM,,,,,,,,,,,,,,,,,1,J Hrobak; M Neuser; K Cowan,J OConnor,Surface layer burn severity,Surface layer code at point where duff plug is taken,Sample Location,,True,
DENA-HQ-TX-04,6/23/2021 2:33:37 PM,-2147483648,1,1,False,,3.5,5.5,9,10,,28,Default,,,HYSP,0m,,,,,,,,,
DENA-HQ-TX-04,6/23/2021 2:33:37 PM,-2147483647,1,2,False,,0.5,1,3,4,,8.5,Default,,,HYSP,16m,,,,,,,,,
DENA-HQ-TX-04,6/23/2023 11:37:53 AM,,,,,,,,,,,,,,,,,1,,S. Stehn,Surface layer burn severity,Surface layer code at point where duff plug is taken,Sample Location,,True,
DENA-HQ-TX-04,6/23/2023 11:37:53 AM,1,1,1,False,2.5,7,4,7,4.5,0,25,Default,,,HYLSPL,0m,,,,,,,,,
DENA-HQ-TX-04,6/23/2023 11:37:53 AM,2,1,2,False,2,3,2,4,2,0,13,Default,,,HYLSPL,16m,,,,,,,,,
NOAT-NAN-F06,6/23/2011 9:21:57 AM,,,,,,,,,,,,,,,,,1,,,,,,,True,
NOAT-NAN-F06,6/23/2011 9:21:57 AM,-2147483648,1,1,False,0,2,2,10,0,,14,Default,,burned- low; scorched severity,FM,,,,,,,,,,
DENA-TLS-30,6/25/2022 6:17:20 PM,,,,,,,,,,,,,,,,,1,M. Behrens; T. Schaub,M. Behrens,Surface layer burn severity,Surface layer code at point where duff plug is taken ,Sample Location,,True,
DENA-TLS-30,6/25/2022 6:17:20 PM,-2147483648,1,1,False,0,8,5,13,7,0,33,Default,,,DUFF,0M,,,,,,,,,
DENA-TLS-30,6/25/2022 6:17:20 PM,-2147483647,1,2,False,1,5,4,3,4,0,17,Default,,,DUFF,16M,,,,,,,,,
NOAT-Racine-KNG-U,7/29/2017 4:46:50 PM,,,,,,,,,,,,,,,,,1,J. Hrobak,J. Hrobak,Surface layer burn severity,Surface layer code at point where duff plug is taken,,,True,
NOAT-Racine-KNG-U,7/29/2017 4:46:50 PM,-2147483648,1,1,False,0,2,0,3,10,0,15,Default,Charcoal @ 2 cm depth. Min soil is silt loam.,,MAPO,,,,,,,,,,
NOAT-Racine-KNG-U,7/29/2017 4:46:50 PM,-2147483647,1,2,False,0,1,0,10,4,0,15,Default,Charcoal @ 1 cm depth & 11 cm depth. Min soil is silt loam.,,CEPU,,,,,,,,,,
DENA-HQ-TX-18,6/22/2021 5:31:28 PM,,,,,,,,,,,,,,,,,1,J Barnes,J OConnor,Surface layer burn severity,Surface layer code at point where duff plug is taken,Sample Location,,True,
DENA-HQ-TX-18,6/22/2021 5:31:28 PM,-2147483648,1,1,False,,3,3,6,10,,22,Default,,,unknown,0m,,,,,,,,,
DENA-HQ-TX-18,6/22/2021 5:31:28 PM,-2147483647,1,2,False,,4,2,10,5,,21,Default,,,unknown,16m,,,,,,,,,
DENA-HZF-Z2-15RL,8/12/2003 9:28:55 AM,,,,,,,,,,,,,,,,,1,,,,,,,True,
DENA-HZF-Z2-15RL,8/12/2003 9:28:55 AM,-2147483648,1,0,False,1,1,2.5,1,1,,6.5,Default,to mineral,,,,,,,,,,,,
DENA-HZF-Z2-15RL,8/12/2003 9:28:55 AM,-2147483647,1,16,False,0,2,3,5,2,,12,Default,,,,,,,,,,,,,
DENA-HZF-Z2-15RL,6/16/2005 4:47:45 PM,,,,,,,,,,,,,,,,,1,,,,,,,True,
DENA-HZF-Z2-15RL,6/16/2005 4:47:45 PM,-2147483648,1,0,False,0,1.5,3,7,1,0.5,13,Default,,,,,,,,,,,,,
DENA-HZF-Z2-15RL,6/16/2005 4:47:45 PM,-2147483647,1,16,False,0,0,0,0,0,0,0,Default,to gravel,,,,,,,,,,,,
DENA-HZF-Z2-15RL,7/25/2009 9:39:23 AM,,,,,,,,,,,,,,,,,1,J Mitchell; R Wilson; M Llanes; C Campanelli; B McCreary; H Bradshaw,J OConnor,Surface layer burn severity,Surface layer code at point where duff plug is taken,Sample Location,,True,
DENA-HZF-Z2-15RL,7/25/2009 9:39:23 AM,-2147483648,1,1,False,,,,,16,,16,Default,,,,0m,,,,,,,,,
DENA-HZF-Z2-15RL,7/25/2009 9:39:23 AM,-2147483647,1,2,False,,,,,,,0,Default,in rocks and gravel,,,16m,,,,,,,,,
DENA-HZF-Z2-15RL,9/1/2021 7:23:10 PM,,,,,,,,,,,,,,,,,1,J Barnes,J OConnor,Surface layer burn severity,Surface layer code at point where duff plug is taken,Sample Location,,True,
DENA-HZF-Z2-15RL,9/1/2021 7:23:10 PM,-2147483648,1,1,False,1,2,3,4,6,,16,Default,Only one sample taken,,HYSP,0m,,,,,,,,,
A288-00-1344,7/18/2005 11:20:18 AM,,,,,,,,,,,,,,,,,1,Olson; Stinchfield,J. Hrobak,Surface layer burn severity,Surface layer code at point where duff plug is taken ,Sample Location,,True,
A288-00-1344,7/18/2005 11:20:18 AM,-2147483648,1,1,False,0,2,8,13,,0,,Default,LD very deep; not measured,,,0m,,,,,,,,,
A288-00-1344,7/18/2005 11:20:18 AM,-2147483647,1,2,False,0,0,2,9,7,0,18,Default,,,,30m,,,,,,,,,
DENA-TLS-23,6/24/2022 4:45:20 PM,,,,,,,,,,,,,,,,,1,J. Barnes; T. Schaub; M. Behrens,,Surface layer burn severity,Surface layer code at point where duff plug is taken ,Sample Location,,True,
DENA-TLS-23,6/24/2022 4:45:20 PM,-2147483648,1,1,False,0,4,3,6,8,0.5,21.5,Default,,,DUFF,,,,,,,,,,
DENA-TLS-23,6/24/2022 4:45:20 PM,-2147483647,1,2,False,0,3,4,4,6,0.5,17.5,Default,,,DUFF,,,,,,,,,,
A148-90-289,7/14/2005 12:20:03 PM,,,,,,,,,,,,,,,,,1,Crew,,Surface layer burn severity,Surface layer code at point where duff plug is taken ,Sample Location,,True,
A148-90-289,7/14/2005 12:20:03 PM,-2147483648,1,1,False,2,1,1,2,2,1,9,Default,Measured at 0 m end of transect,,,0m,,,,,,,,,
A148-90-289,7/14/2005 12:20:03 PM,-2147483647,1,2,False,0,3,1,2,3,1,10,Default,Measured at 30m end of transect,,,30m,,,,,,,,,
NOAT-NAN-F04,6/23/2011 10:19:19 AM,,,,,,,,,,,,,,,,,1,,,,,,,True,
NOAT-NAN-F04,6/23/2011 10:19:19 AM,-2147483648,1,1,False,0,0,8,6,6,,20,Default,,burned- low; moderate,DM,,,,,,,,,,
DENA-HQ-TX-01,6/23/2021 2:34:00 PM,,,,,,,,,,,,,,,,,1,J Barnes; K Gates; J OConnor,M Neuser,Surface layer burn severity,Surface layer code at point where duff plug is taken ,Sample Location,,True,
DENA-HQ-TX-01,6/23/2021 2:34:00 PM,-2147483648,1,1,False,2.5,,,3,5.5,,11,Default,Collected inside plot because of revegitation project directly outside of plot.,,LTRH,0m,,,,,,,,,
DENA-HQ-TX-01,6/23/2021 2:34:00 PM,-2147483647,1,2,False,2.5,,,4,3.5,,10,Default,Collected inside plot because of revegitation project directly outside of plot,,LTRH,16m,,,,,,,,,
DENA-HQ-TX-01,6/28/2023 4:23:22 PM,,,,,,,,,,,,,,,,,1,,S. Stehn,Surface layer burn severity,Surface layer code at point where duff plug is taken ,Sample Location,,True,
DENA-HQ-TX-01,6/28/2023 4:23:22 PM,1,1,1,False,0.2,1.5,0.2,0,0,0,1.9,Default,highly disturbed area,,HYLSPL,0m,,,,,,,,,
DENA-HQ-TX-01,6/28/2023 4:23:22 PM,2,1,2,False,0,3.7,0.5,0,0,0,4.2,Default,,,HYLSPL,16m,,,,,,,,,
DENA-HQ-TX-26,6/22/2021 5:44:26 PM,,,,,,,,,,,,,,,,,1,J Hrobak; M Neuser,J OConnor,Surface layer burn severity,Surface layer code at point where duff plug is taken,Sample Location,,True,
DENA-HQ-TX-26,6/22/2021 5:44:26 PM,-2147483648,1,1,False,,3,2,5,6,,16,Default,,,HYSP,0m,,,,,,,,,
DENA-HQ-TX-26,6/22/2021 5:44:26 PM,-2147483647,1,2,False,,4,3,5,8,,20,Default,,,HYSP,16m,,,,,,,,,
NOAT-NAV-H04,6/22/2011 9:40:51 AM,,,,,,,,,,,,,,,,,1,,,,,,,True,
NOAT-NAV-H04,6/22/2011 9:40:51 AM,-2147483648,1,1,False,0,0,5,10,5,,20,Default,scorched HYSP and AULAC,burned- scorched,DM,,,,,,,,,,
NOAT-TUT-D01,6/25/2011 9:34:58 AM,,,,,,,,,,,,,,,,,1,,,,,,,True,
NOAT-TUT-D01,6/25/2011 9:34:58 AM,-2147483648,1,1,False,,,,,,,,Default,no duff plug collected,,,,,,,,,,,,
NOAT-TUT-D03,6/25/2011 7:29:29 PM,,,,,,,,,,,,,,,,,1,,,,,,,True,
NOAT-TUT-D03,6/25/2011 7:29:29 PM,-2147483648,1,1,False,,,,,,,,Default,No duff plug collected,,,,,,,,,,,,
DENA-HZF-Z2-10RL,8/11/2003 6:23:29 PM,,,,,,,,,,,,,,,,,1,,,,,,,True,
DENA-HZF-Z2-10RL,8/11/2003 6:23:29 PM,-2147483648,1,0,False,,8,4,2,1,,15,Default,,,,,,,,,,,,,
DENA-HZF-Z2-10RL,8/11/2003 6:23:29 PM,-2147483647,1,16,False,1,5,3,2,2,,13,Default,,,,,,,,,,,,,
DENA-HZF-Z2-10RL,6/22/2005 10:34:02 AM,,,,,,,,,,,,,,,,,1,,,,,,,True,
DENA-HZF-Z2-10RL,6/22/2005 10:34:02 AM,-2147483648,1,0,False,1,4,5,4,3,,17,Default,,,,,,,,,,,,,
DENA-HZF-Z2-10RL,6/22/2005 10:34:02 AM,-2147483647,1,16,False,1,2,4.5,2.5,2,,12,Default,,,,,,,,,,,,,
DENA-HZF-Z2-10RL,7/25/2009 3:29:21 PM,,,,,,,,,,,,,,,,,1,J Mitchell; H Bradshaw; R Wilson; B McCreary; C Campanelli; M Llanes,J OConnor,Surface layer burn severity,Surface layer code at point where duff plug is taken,Sample Location,,True,
DENA-HZF-Z2-10RL,7/25/2009 3:29:21 PM,-2147483648,1,1,False,,,,,17,,17,Default,to permafrost,,,0m,,,,,,,,,
DENA-HZF-Z2-10RL,7/25/2009 3:29:21 PM,-2147483647,1,2,False,,,,,1,,1,Default,to mineral soil under a tree,,,16m,,,,,,,,,
DENA-HZF-Z2-10RL,8/11/2021 7:54:18 PM,,,,,,,,,,,,,,,,,1,W Gautsch; M Neuser; R Nessle,M Neuser,Surface Layer Burn Severity,Surface layer code at point where duff plug is taken,Sample Location,Duff plug not taken; too close to visitor center,True,
DENA-HZF-Z2-10RL,8/11/2021 7:54:18 PM,-2147483648,1,1,False,,,,,,,,Default,Duff plug not taken; too close to visitor center,,,,,,,,,,,,
DENA-HZF-Z2-10RL,8/11/2021 7:54:18 PM,-2147483647,1,2,False,,,,,,,,Default,Duff plug not taken; too close to visitor center,,,,,,,,,,,,
NOAT-SID-G03,6/24/2011 9:14:52 PM,,,,,,,,,,,,,,,,,1,,,,,,,True,
NOAT-SID-G03,6/24/2011 9:14:52 PM,-2147483648,1,1,False,,,,,,,,Default,no data collected,,,,,,,,,,,,
DENA-A274-F10,7/22/2016 10:13:01 AM,,,,,,,,,,,,,,,,,1,Jennifer Barnes; Winter West,J. Hrobak,Surface layer burn severity,Surface layer code at point where duff plug is taken,,,True,
DENA-A274-F10,7/22/2016 10:13:01 AM,-2147483648,1,1,False,0.2,1,2,1,3,4,11,Default,,,,,,,,,,,,,
DENA-A274-F10,7/22/2016 10:13:01 AM,-2147483647,1,2,False,0.2,2,1.5,12,3,1,19.5,Default,,,,,,,,,,,,,
DENA-A274-F10,7/22/2016 10:13:01 AM,-2147483646,1,3,False,0.2,2,,20,,0.2,22,Default,UD is 20+ cm thick. Sampled in SM,,Sphagnum,,,,,,,,,,
NOAT-NAN-F01,6/23/2011 5:09:48 PM,,,,,,,,,,,,,,,,,1,,,,,,,True,
NOAT-NAN-F01,6/23/2011 5:09:48 PM,-2147483648,1,1,False,,1.5,2,6.5,3.5,,13.5,Default,FM (AULAC) at surface; lower duff to frozen mud,Unburned,FM,,,,,,,,,,
A223-86-251,7/8/2005 10:01:10 AM,,,,,,,,,,,,,,,,,1,Parker; Stinchfield; Olson,J. Hrobak,Surface layer burn severity,Surface layer code at point where duff plug is taken ,Sample Location,,True,
A223-86-251,7/8/2005 10:01:10 AM,-2147483648,1,1,False,2,0,0,2,4,0,8,Default,,,,0m,,,,,,,,,
A223-86-251,7/8/2005 10:01:10 AM,-2147483647,1,2,False,3,0,0,4,3,0,10,Default,,,,30m,,,,,,,,,
DENA-HQ-TX-12,6/22/2021 2:52:26 PM,,,,,,,,,,,,,,,,,1,J Barnes; K Gates; J OConnor,J OConnor,Surface layer burn severity,Surface layer code at point where duff plug is taken,Sample Location,,True,
DENA-HQ-TX-12,6/22/2021 2:52:26 PM,-2147483648,1,1,False,,3,2,7,4,,16,Default,,,HYSP,0m,,,,,,,,,
DENA-HQ-TX-12,6/22/2021 2:52:26 PM,-2147483647,1,2,False,,5,2,3,2.5,,12.5,Default,,,HYSP,16m,,,,,,,,,
DENA-HQ-TX-12,6/22/2023 12:50:44 PM,,,,,,,,,,,,,,,,,1,,S. Stehn,Surface layer burn severity,Surface layer code at point where duff plug is taken,Sample Location,,True,
DENA-HQ-TX-12,6/22/2023 12:50:44 PM,1,1,1,False,2,5,1,3,5,0,16,Default,,,HYLSPL,0m,,,,,,,,,
DENA-HQ-TX-12,6/22/2023 12:50:44 PM,2,1,2,False,1,5,3,6,1,0,16,Default,,,HYLSPL,16m,,,,,,,,,
B288-01-1170,7/7/2005 10:50:26 AM,,,,,,,,,,,,,,,,,1,Reynar,J. Hrobak,Surface layer burn severity,Surface layer code at point where duff plug is taken ,Sample Location,,True,
B288-01-1170,7/7/2005 10:50:26 AM,-2147483648,1,1,False,0,5,3,0,,0,,Default,LD = Muck.  Did not measure LD.,,,0m,,,,,,,,,
B288-01-1170,7/7/2005 10:50:26 AM,-2147483647,1,2,False,0.2,6,4,0,,0,,Default,LD = Muck.  Did not measure LD.,,,30m,,,,,,,,,
NOAT-SID-G04,6/24/2011 10:13:03 PM,,,,,,,,,,,,,,,,,1,,,,,,,True,
NOAT-SID-G04,6/24/2011 10:13:03 PM,-2147483648,1,1,False,,,,,,,,Default,no data collected,,,,,,,,,,,,
DENA-HQ-TX-19,6/22/2021 5:34:49 PM,,,,,,,,,,,,,,,,,1,J Barnes; K Gates; J OConnor,J OConnor,Surface layer burn severity,Surface layer code at point where duff plug is taken,Sample Location,,True,
DENA-HQ-TX-19,6/22/2021 5:34:49 PM,-2147483648,1,1,False,0.5,2.5,0.5,7,5,,15.5,Default,,,unknown,0m,,,,,,,,,
DENA-HQ-TX-19,6/22/2021 5:34:49 PM,-2147483647,1,2,False,,2.5,6,2,2.5,,13,Default,,,unknown,16m,,,,,,,,,
DENA-HQ-TX-10,6/24/2021 2:38:39 PM,,,,,,,,,,,,,,,,,1,J Barnes; K Gates; J OConnor,J OConnor,Surface layer burn severity,Surface layer code at point where duff plug is taken,Sample Location,,True,
DENA-HQ-TX-10,6/24/2021 2:38:39 PM,-2147483648,1,1,False,,4,3,6,5.5,,18.5,Default,,,HYSP,0m,,,,,,,,,
DENA-HQ-TX-10,6/24/2021 2:38:39 PM,-2147483647,1,2,False,,3.5,2.5,5.5,5,,16.5,Default,,,HYSP,16m,,,,,,,,,
DENA-HQ-TX-10,6/27/2023 12:16:25 PM,,,,,,,,,,,,,,,,,1,,S. Stehn,Surface layer burn severity,Surface layer code at point where duff plug is taken,Sample Location,,True,
DENA-HQ-TX-10,6/27/2023 12:16:25 PM,1,1,1,False,0.1,5,4,8.5,7,0,24.6,Default,,,,0m,,,,,,,,,
DENA-HQ-TX-10,6/27/2023 12:16:25 PM,2,1,2,False,0.1,0.1,5,13,6,0.1,24.3,Default,,,,16m,,,,,,,,,
A185-86-136,7/7/2005 8:49:34 AM,,,,,,,,,,,,,,,,,1,J. Allen,J. Hrobak,Surface layer burn severity,Surface layer code at point where duff plug is taken ,Sample Location,,True,
A185-86-136,7/7/2005 8:49:34 AM,-2147483648,1,1,False,0,0.5,0,2,7,3,12.5,Default,,,CLAO,0m,,,,,,,,,
A185-86-136,7/7/2005 8:49:34 AM,-2147483647,1,2,False,0,1.5,0.5,0,0,0,2,Default,Sampled to MIN,,POJU,30m,,,,,,,,,
A185-86-136,7/26/2011 11:00:42 AM,,,,,,,,,,,,,,,,,1,,,,,,,True,
A185-86-136,7/26/2011 11:00:42 AM,-2147483648,1,6,True,0,0.8,0,0,0,0,0.8,Default,CEPU on top of mineral soil,CEPU,,,,,,,,,,,
A185-86-136,7/26/2011 11:00:42 AM,-2147483647,1,18,True,0,1,0,0,2.5,0,3.5,Default,CEPU and thin layer of lower duff on top of mineral soil,CEPU,,,,,,,,,,,
